區域名稱,成交價/售價,總價格,每坪價格,坪數,屋齡,房屋規格,住宅類型,樓層
松山區,27400000,27400000,520211.0,52.67,34,華廈(10層含以下有電梯),商業用,七層
松山區,20300000,20300000,698020.0,29.08,49,公寓(5樓含以下無電梯),住家用,二層
松山區,16200000,16200000,953426.0,16.99,47,住宅大樓(11層含以上有電梯),商業用,三層
松山區,27520000,27520000,963522.0,28.56,42,住宅大樓(11層含以上有電梯),住家用,十層
松山區,10200000,10200000,1097985.0,9.29,39,華廈(10層含以下有電梯),住家用,六層
松山區,10880000,10880000,907115.0,11.99,18,住宅大樓(11層含以上有電梯),住家用,十層
松山區,17000000,17000000,697339.0,24.38,53,公寓(5樓含以下無電梯),住家用,三層
松山區,10500000,10500000,684499.0,15.34,61,透天厝,住家用,全
松山區,10000000,10000000,751319.0,13.31,43,華廈(10層含以下有電梯),住家用,一層
松山區,20000000,20000000,848837.0,23.56,29,住宅大樓(11層含以上有電梯),住家用,九層
松山區,39800000,39800000,734826.0,54.16,37,住宅大樓(11層含以上有電梯),住家用,三層
松山區,21500000,21500000,752909.0,28.56,47,公寓(5樓含以下無電梯),住家用,三層
松山區,17000000,17000000,595894.0,28.53,54,公寓(5樓含以下無電梯),住家用,三層
松山區,32500000,32500000,825498.0,39.37,46,華廈(10層含以下有電梯),住家用,二層
松山區,61320000,61320000,744060.0,82.41,33,住宅大樓(11層含以上有電梯),商業用,四層
松山區,70500000,70500000,706304.0,99.82,42,住宅大樓(11層含以上有電梯),商業用,十二層
松山區,13250000,13250000,739147.0,17.93,51,公寓(5樓含以下無電梯),住家用,三層，陽臺
松山區,8000000,8000000,223138.0,35.85,33,公寓(5樓含以下無電梯),住家用,一層
松山區,4880000,4880000,807422.0,6.04,53,公寓(5樓含以下無電梯),住家用,一層
松山區,18000000,18000000,1366661.0,13.17,20,住宅大樓(11層含以上有電梯),辦公用,十層
松山區,39880000,39880000,965826.0,41.29,45,華廈(10層含以下有電梯),住家用,四層
松山區,24500000,24500000,1301001.0,21.74,20,住宅大樓(11層含以上有電梯),辦公用,四層
松山區,35800000,35800000,855918.0,41.83,34,住宅大樓(11層含以上有電梯),住家用,四層
松山區,25099999,25099999,1696150.0,14.8,39,住宅大樓(11層含以上有電梯),商業用,一層，騎樓
松山區,23200000,23200000,635047.0,36.53,53,公寓(5樓含以下無電梯),住家用,三層，陽臺
松山區,19100000,19100000,730879.0,26.13,48,公寓(5樓含以下無電梯),住家用,五層，走廊
松山區,18000000,18000000,590320.0,30.49,46,公寓(5樓含以下無電梯),住家用,三層
松山區,12000000,12000000,346038.0,34.68,53,公寓(5樓含以下無電梯),住家用,三層，陽臺
松山區,15300000,15300000,291687.0,52.45,54,華廈(10層含以下有電梯),住家用,三層，陽臺
松山區,20000000,20000000,1123466.0,17.8,45,華廈(10層含以下有電梯),其他,地下層
松山區,28000000,28000000,616509.0,45.42,42,華廈(10層含以下有電梯),住家用,七層
松山區,30000000,30000000,712764.0,42.09,52,公寓(5樓含以下無電梯),住家用,二層，陽臺
松山區,22000000,22000000,618905.0,35.55,49,公寓(5樓含以下無電梯),住家用,三層
松山區,110000000,110000000,878840.0,125.16,14,住宅大樓(11層含以上有電梯),住家用,四層
松山區,43360000,43360000,585034.0,74.12,35,華廈(10層含以下有電梯),商業用,四層
松山區,24180000,24180000,724172.0,33.39,42,華廈(10層含以下有電梯),住家用,四層
松山區,26600000,26600000,905234.0,29.38,45,公寓(5樓含以下無電梯),其他,一層，停車場
松山區,87120000,87120000,1260981.0,79.1,25,華廈(10層含以下有電梯),住家用,八層
松山區,56000000,56000000,836156.0,66.97,3,住宅大樓(11層含以上有電梯),住家用,二層
松山區,28500000,28500000,855491.0,33.31,52,華廈(10層含以下有電梯),住家用,四層，陽臺
松山區,17880000,17880000,837339.0,21.35,48,住宅大樓(11層含以上有電梯),商業用,九層
松山區,15800000,15800000,864334.0,18.28,44,公寓(5樓含以下無電梯),住家用,二層
松山區,26250000,26250000,1037386.0,25.3,57,公寓(5樓含以下無電梯),住家用,四層
松山區,35600000,35600000,750122.0,47.46,20,住宅大樓(11層含以上有電梯),住家用,八層
松山區,16800000,16800000,478399.0,35.12,39,公寓(5樓含以下無電梯),商業用,四層
松山區,32580000,32580000,761527.0,42.78,48,住宅大樓(11層含以上有電梯),住家用,十五層
松山區,22100000,22100000,1108815.0,25.63,13,住宅大樓(11層含以上有電梯),住家用,十層
松山區,15000000,15000000,628638.0,23.86,45,住宅大樓(11層含以上有電梯),商業用,二層
松山區,21000000,21000000,536862.0,39.12,49,住宅大樓(11層含以上有電梯),住家用,十二層，陽臺
松山區,6000000,6000000,449870.0,13.34,44,華廈(10層含以下有電梯),住家用,四層
松山區,19500000,19500000,956566.0,20.39,42,華廈(10層含以下有電梯),住家用,四層
松山區,28000000,28000000,756724.0,37.0,48,華廈(10層含以下有電梯),住家用,二層
松山區,36150000,36150000,929274.0,38.9,42,華廈(10層含以下有電梯),住家用,六層
松山區,19300000,19300000,721577.0,26.75,56,公寓(5樓含以下無電梯),住家用,三層，露台
松山區,66800000,66800000,1014553.0,65.84,39,住宅大樓(11層含以上有電梯),住家用,十一層
松山區,30090000,30090000,1071430.0,28.08,42,住宅大樓(11層含以上有電梯),住家用,十層
松山區,21000000,21000000,834698.0,25.16,34,華廈(10層含以下有電梯),住家用,一層
松山區,38100000,38100000,790404.0,48.2,31,華廈(10層含以下有電梯),商業用,二層
松山區,44340000,44340000,1903285.0,27.85,3,華廈(10層含以下有電梯),商業用,一層
松山區,27000000,27000000,1236373.0,25.66,3,華廈(10層含以下有電梯),住家用,七層
松山區,11350000,11350000,863343.0,13.15,60,公寓(5樓含以下無電梯),住家用,四層
松山區,15201740,15201740,258600.0,58.78,41,華廈(10層含以下有電梯),住家用,三層
松山區,12486735,12486735,365717.0,34.14,48,公寓(5樓含以下無電梯),商業用,三層
松山區,42000000,42000000,1404162.0,29.91,56,公寓(5樓含以下無電梯),住家用,一層
松山區,19580000,19580000,1766101.0,11.09,20,住宅大樓(11層含以上有電梯),辦公用,七層
松山區,38500000,38500000,992309.0,38.8,47,華廈(10層含以下有電梯),住家用,七層
松山區,138880000,138880000,881022.0,157.64,38,住宅大樓(11層含以上有電梯),商業用,十層
松山區,14800000,14800000,1165179.0,12.7,50,公寓(5樓含以下無電梯),住家用,二層
松山區,10500000,10500000,1153952.0,9.1,41,華廈(10層含以下有電梯),住家用,七層
松山區,21360000,21360000,1023360.0,20.87,37,住宅大樓(11層含以上有電梯),住家用,九層
松山區,22000000,22000000,1105787.0,19.9,9,華廈(10層含以下有電梯),住家用,七層
松山區,15100000,15100000,1100233.0,13.72,46,住宅大樓(11層含以上有電梯),住家用,十一層
松山區,45000000,45000000,938318.0,47.96,34,華廈(10層含以下有電梯),住家用,二層
松山區,34350000,34350000,949846.0,36.16,57,公寓(5樓含以下無電梯),住家用,三層
松山區,38500000,38500000,568032.0,67.78,41,華廈(10層含以下有電梯),商業用,一層
松山區,42500000,42500000,1028676.0,41.32,34,華廈(10層含以下有電梯),住家用,二層
松山區,16400000,16400000,1474840.0,11.12,42,華廈(10層含以下有電梯),商業用,一層
松山區,33660000,33660000,930768.0,36.16,56,公寓(5樓含以下無電梯),住家用,三層
松山區,20680000,20680000,1125704.0,18.37,9,華廈(10層含以下有電梯),住家用,六層
松山區,29300000,29300000,1088927.0,26.91,17,住宅大樓(11層含以上有電梯),住家用,三層
松山區,21500000,21500000,742450.0,28.96,54,公寓(5樓含以下無電梯),住家用,四層
松山區,17800000,17800000,1484817.0,11.99,28,華廈(10層含以下有電梯),其他,一層，騎樓
松山區,47800000,47800000,860381.0,55.56,41,華廈(10層含以下有電梯),住家用,二層
松山區,11977800,11977800,367109.0,32.63,50,公寓(5樓含以下無電梯),住家用,一層，平台
松山區,33350000,33350000,889171.0,37.51,52,公寓(5樓含以下無電梯),住家用,二層，陽臺
松山區,15500000,15500000,1831304.0,8.46,20,住宅大樓(11層含以上有電梯),辦公用,五層
松山區,83000000,83000000,774651.0,107.14,15,住宅大樓(11層含以上有電梯),住家用,十層
松山區,33800000,33800000,720135.0,46.94,42,住宅大樓(11層含以上有電梯),住家用,十層
松山區,29500000,29500000,632228.0,46.66,43,華廈(10層含以下有電梯),住家用,五層
松山區,14720000,14720000,864321.0,17.03,42,住宅大樓(11層含以上有電梯),住家用,十二層
松山區,86180000,86180000,985376.0,96.87,38,住宅大樓(11層含以上有電梯),商業用,十二層
松山區,15010000,15010000,928692.0,16.16,56,公寓(5樓含以下無電梯),住家用,二層
松山區,11260000,11260000,888173.0,12.68,18,住宅大樓(11層含以上有電梯),住家用,三層
松山區,28500000,28500000,858063.0,33.21,48,華廈(10層含以下有電梯),住家用,四層
松山區,19880000,19880000,710631.0,27.98,52,公寓(5樓含以下無電梯),住家用,一層
松山區,22880000,22880000,727696.0,31.44,54,公寓(5樓含以下無電梯),住家用,四層，陽臺
松山區,4240000,4240000,798665.0,5.31,41,華廈(10層含以下有電梯),商業用,二層
松山區,24000000,24000000,686443.0,34.96,49,華廈(10層含以下有電梯),住家用,六層
松山區,5300000,5300000,397294.0,13.34,56,公寓(5樓含以下無電梯),住家用,四層，露台
松山區,6600000,6600000,153878.0,42.89,34,住宅大樓(11層含以上有電梯),其他,地下層
松山區,46500000,46500000,1005823.0,46.23,39,公寓(5樓含以下無電梯),住家用,一層
松山區,13615000,13615000,689785.0,19.74,59,公寓(5樓含以下無電梯),住家用,三層
松山區,21600000,21600000,672241.0,32.13,53,公寓(5樓含以下無電梯),住家用,二層，陽臺
松山區,26970000,26970000,770390.0,35.01,53,公寓(5樓含以下無電梯),住家用,四層
松山區,23600000,23600000,750017.0,31.47,54,公寓(5樓含以下無電梯),住家用,四層
松山區,12400000,12400000,666644.0,18.6,58,公寓(5樓含以下無電梯),住家用,一層
松山區,6000000,6000000,643778.0,9.32,52,公寓(5樓含以下無電梯),住家用,二層
松山區,17600000,17600000,1010107.0,17.42,13,住宅大樓(11層含以上有電梯),住家用,六層
松山區,25000000,25000000,396018.0,63.13,43,華廈(10層含以下有電梯),其他,一層
松山區,23300000,23300000,623887.0,37.35,48,公寓(5樓含以下無電梯),住家用,五層
松山區,15300000,15300000,665686.0,22.98,31,住宅大樓(11層含以上有電梯),住家用,七層
松山區,89000000,89000000,869330.0,102.38,16,住宅大樓(11層含以上有電梯),住家用,十四層
松山區,18600000,18600000,762403.0,24.4,53,公寓(5樓含以下無電梯),住家用,四層，陽臺
松山區,35000000,35000000,1020038.0,34.31,49,住宅大樓(11層含以上有電梯),住家用,十一層
松山區,36950000,36950000,639457.0,57.78,36,住宅大樓(11層含以上有電梯),商業用,三層，四層
松山區,35000000,35000000,676823.0,51.71,32,華廈(10層含以下有電梯),住家用,二層
松山區,7500000,7500000,840457.0,8.92,37,住宅大樓(11層含以上有電梯),住家用,十九層
松山區,42500000,42500000,851650.0,49.9,45,住宅大樓(11層含以上有電梯),商業用,五層
松山區,30500000,30500000,882744.0,34.55,56,公寓(5樓含以下無電梯),住家用,二層
松山區,39500000,39500000,725964.0,54.41,43,住宅大樓(11層含以上有電梯),商業用,七層
松山區,35500000,35500000,902391.0,39.34,45,華廈(10層含以下有電梯),住家用,三層
松山區,32000000,32000000,1409653.0,27.88,12,華廈(10層含以下有電梯),住家用,七層
松山區,10300000,10300000,995026.0,10.35,18,住宅大樓(11層含以上有電梯),住家用,三層
松山區,10800000,10800000,717640.0,15.05,36,住宅大樓(11層含以上有電梯),商業用,七層
松山區,23300000,23300000,806546.0,28.89,53,公寓(5樓含以下無電梯),住家用,三層，陽臺
松山區,23500000,23500000,747200.0,31.45,43,住宅大樓(11層含以上有電梯),商業用,七層
松山區,18880000,18880000,806169.0,23.42,33,住宅大樓(11層含以上有電梯),商業用,二層
松山區,30000000,30000000,914721.0,32.8,30,華廈(10層含以下有電梯),辦公用,四層
松山區,36100000,36100000,947816.0,38.09,43,華廈(10層含以下有電梯),住家用,七層
松山區,14400000,14400000,396002.0,36.36,52,公寓(5樓含以下無電梯),住家用,一層，平台
松山區,10300000,10300000,729587.0,14.12,42,住宅大樓(11層含以上有電梯),商業用,五層
松山區,11550000,11550000,1003469.0,11.51,42,華廈(10層含以下有電梯),住家用,七層
松山區,36500000,36500000,1081102.0,33.76,49,住宅大樓(11層含以上有電梯),住家用,八層
松山區,5150860,5150860,304666.0,16.91,18,住宅大樓(11層含以上有電梯),住家用,四層
松山區,26000000,26000000,892533.0,29.13,55,公寓(5樓含以下無電梯),住家用,二層，陽臺
松山區,17800000,17800000,650129.0,27.38,51,公寓(5樓含以下無電梯),住家用,二層，陽臺
松山區,21880000,21880000,626730.0,34.91,42,華廈(10層含以下有電梯),住商用,一層
松山區,67000000,67000000,902232.0,74.26,46,公寓(5樓含以下無電梯),商業用,一層，停車場
松山區,53000000,53000000,909839.0,58.25,46,公寓(5樓含以下無電梯),商業用,一層，停車場
松山區,20000000,20000000,853439.0,23.43,56,公寓(5樓含以下無電梯),住家用,三層，陽臺
松山區,35840000,35840000,805547.0,44.49,40,公寓(5樓含以下無電梯),住家用,三層
松山區,15000000,15000000,1383180.0,10.84,20,住宅大樓(11層含以上有電梯),辦公用,四層
松山區,34320000,34320000,819822.0,41.86,45,住宅大樓(11層含以上有電梯),商業用,三層
松山區,27500000,27500000,830906.0,33.1,51,公寓(5樓含以下無電梯),住家用,四層，陽臺
松山區,26080000,26080000,892497.0,29.22,55,公寓(5樓含以下無電梯),住家用,三層，陽臺
松山區,17000000,17000000,552809.0,30.75,54,公寓(5樓含以下無電梯),住家用,四層，陽臺
松山區,30650000,30650000,801035.0,38.26,43,住宅大樓(11層含以上有電梯),商業用,三層
松山區,11300000,11300000,891326.0,12.68,18,住宅大樓(11層含以上有電梯),住家用,六層
松山區,37000000,37000000,900563.0,41.09,38,住宅大樓(11層含以上有電梯),住家用,九層
松山區,39000000,39000000,814235.0,47.9,45,華廈(10層含以下有電梯),住家用,二層
松山區,20880000,20880000,1030970.0,23.14,13,住宅大樓(11層含以上有電梯),住家用,四層
松山區,22350000,22350000,632413.0,35.34,52,公寓(5樓含以下無電梯),住家用,四層，陽臺
松山區,31500000,31500000,869657.0,36.22,40,住宅大樓(11層含以上有電梯),商業用,五層
松山區,37000000,37000000,809762.0,45.69,44,華廈(10層含以下有電梯),住家用,三層
松山區,13500000,13500000,973353.0,13.87,36,住宅大樓(11層含以上有電梯),商業用,六層
松山區,16000000,16000000,702426.0,22.78,54,公寓(5樓含以下無電梯),住家用,三層，陽臺
松山區,28800000,28800000,801812.0,35.92,42,住宅大樓(11層含以上有電梯),住家用,十三層
松山區,10000000,10000000,405770.0,24.64,56,公寓(5樓含以下無電梯),住家用,四層，露台
松山區,68800000,68800000,934196.0,73.65,38,住宅大樓(11層含以上有電梯),住家用,二層，三層
松山區,4500000,4500000,888126.0,5.07,59,公寓(5樓含以下無電梯),住家用,三層
松山區,9000000,9000000,888126.0,10.13,59,公寓(5樓含以下無電梯),住家用,三層
松山區,5000000,5000000,986804.0,5.07,59,公寓(5樓含以下無電梯),住家用,三層
松山區,19750000,19750000,1122970.0,17.59,40,華廈(10層含以下有電梯),住家用,五層
松山區,44350000,44350000,955307.0,55.98,11,住宅大樓(11層含以上有電梯),住家用,十一層
松山區,20880000,20880000,1136590.0,18.37,9,華廈(10層含以下有電梯),住家用,二層
松山區,27180000,27180000,900950.0,30.17,54,公寓(5樓含以下無電梯),住家用,二層，陽臺
松山區,19880000,19880000,1082157.0,18.37,9,華廈(10層含以下有電梯),住家用,三層
松山區,19550000,19550000,810490.0,24.12,55,公寓(5樓含以下無電梯),住家用,五層
松山區,43000000,43000000,962877.0,44.66,25,住宅大樓(11層含以上有電梯),住家用,五層
松山區,50300000,50300000,826328.0,60.87,56,公寓(5樓含以下無電梯),住家用,四層
松山區,55000000,55000000,891700.0,71.5,8,住宅大樓(11層含以上有電梯),住家用,十二層
松山區,23600000,23600000,850229.0,27.76,56,公寓(5樓含以下無電梯),住家用,二層
松山區,26250000,26250000,775974.0,33.83,47,華廈(10層含以下有電梯),住家用,二層
松山區,26100000,26100000,829310.0,31.47,51,公寓(5樓含以下無電梯),住家用,四層，陽臺
松山區,41500000,41500000,909512.0,45.63,46,華廈(10層含以下有電梯),住家用,五層
松山區,24500000,24500000,924778.0,26.49,50,華廈(10層含以下有電梯),住家用,六層，陽臺
松山區,16800000,16800000,938292.0,17.9,49,住宅大樓(11層含以上有電梯),住家用,八層
松山區,97911800,97911800,1071211.0,91.41,39,住宅大樓(11層含以上有電梯),住家用,十五層
松山區,12190000,12190000,1039135.0,11.73,37,住宅大樓(11層含以上有電梯),住家用,八層
松山區,39600000,39600000,741570.0,53.4,47,華廈(10層含以下有電梯),住家用,六層
松山區,34680000,34680000,951175.0,36.46,25,住宅大樓(11層含以上有電梯),住家用,十層
松山區,30000000,30000000,767660.0,39.08,37,住宅大樓(11層含以上有電梯),商業用,三層
松山區,37100000,37100000,1234148.0,32.13,3,住宅大樓(11層含以上有電梯),住家用,六層
松山區,36500000,36500000,1212746.0,32.13,3,住宅大樓(11層含以上有電梯),住家用,五層
松山區,16100000,16100000,1028669.0,15.65,43,住宅大樓(11層含以上有電梯),商業用,二層
松山區,53400000,53400000,707874.0,75.44,48,住宅大樓(11層含以上有電梯),商業用,七層
松山區,17680000,17680000,1088593.0,16.24,17,住宅大樓(11層含以上有電梯),住家用,十五層
松山區,19000000,19000000,416071.0,45.66,20,住宅大樓(11層含以上有電梯),住家用,十層
松山區,27000000,27000000,894622.0,30.18,48,公寓(5樓含以下無電梯),住家用,二層
松山區,32700000,32700000,1231318.0,28.62,3,住宅大樓(11層含以上有電梯),住家用,六層
松山區,160000000,160000000,1470417.0,158.49,16,住宅大樓(11層含以上有電梯),住家用,五層
松山區,11350000,11350000,879944.0,12.9,52,公寓(5樓含以下無電梯),住家用,二層，陽臺
松山區,17500000,17500000,823743.0,21.24,52,公寓(5樓含以下無電梯),住家用,四層
松山區,16000000,16000000,1012689.0,15.8,9,住宅大樓(11層含以上有電梯),住家用,八層
松山區,21380000,21380000,749901.0,28.51,53,公寓(5樓含以下無電梯),住家用,二層，陽臺
松山區,29000000,29000000,916609.0,31.64,52,公寓(5樓含以下無電梯),住家用,三層，陽臺
松山區,47000000,47000000,820384.0,57.29,29,華廈(10層含以下有電梯),住家用,四層
松山區,11500000,11500000,791521.0,14.53,25,華廈(10層含以下有電梯),住家用,二層
松山區,14200000,14200000,770053.0,18.44,37,住宅大樓(11層含以上有電梯),商業用,三層
松山區,62880000,62880000,1179063.0,53.33,18,住宅大樓(11層含以上有電梯),住家用,十五層
松山區,26660000,26660000,689289.0,38.68,33,住宅大樓(11層含以上有電梯),辦公用,十層
松山區,25000000,25000000,844781.0,29.59,45,華廈(10層含以下有電梯),住家用,七層
松山區,25000000,25000000,592224.0,42.21,55,公寓(5樓含以下無電梯),住家用,四層
松山區,28000000,28000000,799812.0,35.01,53,公寓(5樓含以下無電梯),住家用,四層
松山區,18881000,18881000,414620.0,45.54,49,公寓(5樓含以下無電梯),住家用,二層
松山區,75000000,75000000,611685.0,122.61,32,住宅大樓(11層含以上有電梯),商業用,六層
松山區,20180000,20180000,903211.0,22.34,45,住宅大樓(11層含以上有電梯),住家用,八層
松山區,28000000,28000000,1125926.0,24.87,53,公寓(5樓含以下無電梯),住家用,一層
松山區,35000000,35000000,472353.0,74.1,31,住宅大樓(11層含以上有電梯),商業用,九層
松山區,13300000,13300000,742939.0,17.9,38,住宅大樓(11層含以上有電梯),商業用,一層
松山區,17700000,17700000,578703.0,30.59,52,華廈(10層含以下有電梯),住家用,二層，陽臺
松山區,32300000,32300000,817339.0,39.52,40,公寓(5樓含以下無電梯),住家用,二層
松山區,26500000,26500000,1034282.0,25.62,53,公寓(5樓含以下無電梯),住家用,一層，見使用執照
松山區,12750000,12750000,916480.0,13.91,30,住宅大樓(11層含以上有電梯),住家用,七層
松山區,55680000,55680000,925191.0,60.18,20,住宅大樓(11層含以上有電梯),住家用,十二層
松山區,23720000,23720000,1189886.0,19.93,2,住宅大樓(11層含以上有電梯),住家用,六層
松山區,25000000,25000000,400025.0,62.5,45,華廈(10層含以下有電梯),住家用,二層
松山區,21000000,21000000,710562.0,29.55,45,華廈(10層含以下有電梯),商業用,一層
松山區,22500000,22500000,759217.0,29.64,50,公寓(5樓含以下無電梯),住家用,三層，陽臺
松山區,32000000,32000000,1180643.0,27.1,48,公寓(5樓含以下無電梯),住家用,一層，停車場
松山區,28600000,28600000,707679.0,40.41,59,公寓(5樓含以下無電梯),住家用,二層
松山區,206500000,206500000,1965893.0,124.49,6,住宅大樓(11層含以上有電梯),住家用,十二層
松山區,41280000,41280000,817881.0,50.47,29,華廈(10層含以下有電梯),住家用,六層
松山區,19650000,19650000,1213053.0,16.2,3,住宅大樓(11層含以上有電梯),住家用,三層
松山區,37330000,37330000,1242349.0,32.13,3,住宅大樓(11層含以上有電梯),住家用,七層
松山區,191580000,191580000,1000024.0,191.58,54,華廈(10層含以下有電梯),辦公用,三層
松山區,29450000,29450000,1200591.0,24.53,3,住宅大樓(11層含以上有電梯),住家用,三層
松山區,37750000,37750000,1257331.0,32.13,3,住宅大樓(11層含以上有電梯),住家用,十層
松山區,33090000,33090000,1247219.0,28.62,3,住宅大樓(11層含以上有電梯),住家用,七層
松山區,34000000,34000000,734334.0,46.3,33,華廈(10層含以下有電梯),商業用,六層
松山區,29800000,29800000,827075.0,36.03,43,華廈(10層含以下有電梯),住家用,五層
松山區,42750000,42750000,1160412.0,45.27,2,住宅大樓(11層含以上有電梯),住家用,四層
松山區,67000000,67000000,969908.0,69.08,46,華廈(10層含以下有電梯),住家用,一層
松山區,33000000,33000000,994090.0,33.2,48,華廈(10層含以下有電梯),住家用,七層
松山區,23320000,23320000,1169820.0,19.93,2,住宅大樓(11層含以上有電梯),住家用,三層
松山區,33500000,33500000,926341.0,36.16,57,公寓(5樓含以下無電梯),住家用,二層
松山區,16000000,16000000,1106775.0,14.46,47,住宅大樓(11層含以上有電梯),辦公用,二層
松山區,26220000,26220000,1189886.0,30.61,2,住宅大樓(11層含以上有電梯),住家用,五層
松山區,12000000,12000000,425823.0,28.18,20,住宅大樓(11層含以上有電梯),住家用,四層
松山區,20610000,20610000,1272316.0,16.2,3,住宅大樓(11層含以上有電梯),住家用,七層
松山區,21150000,21150000,1278436.0,16.54,3,住宅大樓(11層含以上有電梯),住家用,七層
松山區,43000000,43000000,1167638.0,45.27,2,住宅大樓(11層含以上有電梯),住家用,七層
松山區,54180000,54180000,991631.0,54.64,3,住宅大樓(11層含以上有電梯),住家用,六層
松山區,53500000,53500000,1645366.0,32.52,50,華廈(10層含以下有電梯),住商用,一層，平台
松山區,25000000,25000000,795964.0,31.41,41,住宅大樓(11層含以上有電梯),住家用,九層
松山區,176480000,176480000,1961668.0,109.81,6,住宅大樓(11層含以上有電梯),住家用,十二層
松山區,14080000,14080000,1019211.0,16.68,13,住宅大樓(11層含以上有電梯),住家用,四層
松山區,39990000,39990000,971479.0,41.16,46,華廈(10層含以下有電梯),住商用,一層
松山區,10900000,10900000,943032.0,11.56,37,住宅大樓(11層含以上有電梯),住家用,十九層
松山區,26420000,26420000,1199919.0,30.61,2,住宅大樓(11層含以上有電梯),住家用,八層
松山區,19900000,19900000,968289.0,20.55,18,住宅大樓(11層含以上有電梯),住家用,七層
松山區,170500000,170500000,1911169.0,108.68,6,住宅大樓(11層含以上有電梯),住家用,十二層
松山區,26120000,26120000,1187381.0,30.61,2,住宅大樓(11層含以上有電梯),住家用,四層
松山區,24000000,24000000,1204300.0,19.93,2,住宅大樓(11層含以上有電梯),住家用,二層
松山區,103000000,103000000,996656.0,103.35,16,住宅大樓(11層含以上有電梯),住家用,八層
松山區,31380000,31380000,685858.0,45.75,44,華廈(10層含以下有電梯),住家用,五層
松山區,44680000,44680000,1069846.0,41.76,35,華廈(10層含以下有電梯),住家用,三層
松山區,17630000,17630000,262471.0,67.17,37,住宅大樓(11層含以上有電梯),住家用,八層
松山區,78880000,78880000,812367.0,97.1,43,住宅大樓(11層含以上有電梯),商業用,四層
松山區,20700000,20700000,921122.0,22.47,56,公寓(5樓含以下無電梯),住家用,一層
松山區,15300000,15300000,680830.0,22.47,56,公寓(5樓含以下無電梯),住家用,四層
松山區,10500000,10500000,1056005.0,9.94,49,華廈(10層含以下有電梯),住家用,三層
松山區,19300000,19300000,612304.0,31.52,54,公寓(5樓含以下無電梯),住家用,四層，陽臺
松山區,10460000,10460000,871439.0,12.0,9,華廈(10層含以下有電梯),住家用,三層
松山區,48150000,48150000,1236928.0,41.65,2,華廈(10層含以下有電梯),住家用,十層
松山區,30150000,30150000,1148270.0,26.26,2,華廈(10層含以下有電梯),住家用,四層
松山區,29580000,29580000,1126560.0,26.26,2,華廈(10層含以下有電梯),住家用,二層
松山區,28000000,28000000,1239857.0,25.15,2,華廈(10層含以下有電梯),住家用,八層
松山區,24000000,24000000,1153354.0,20.81,2,華廈(10層含以下有電梯),住家用,四層
松山區,25750000,25750000,1141341.0,25.15,2,華廈(10層含以下有電梯),住家用,二層
松山區,73880000,73880000,1209774.0,74.35,2,住宅大樓(11層含以上有電梯),住家用,三層
松山區,79800000,79800000,1243497.0,84.52,2,住宅大樓(11層含以上有電梯),住家用,六層
松山區,25100000,25100000,1206217.0,20.81,2,華廈(10層含以下有電梯),住家用,六層
松山區,78600000,78600000,1257546.0,75.32,2,住宅大樓(11層含以上有電梯),住家用,七層
松山區,18200000,18200000,1046904.0,17.38,3,華廈(10層含以下有電梯),住家用,四層
松山區,57800000,57800000,1184706.0,55.79,2,住宅大樓(11層含以上有電梯),住家用,三層
松山區,75500000,75500000,1234713.0,75.32,2,住宅大樓(11層含以上有電梯),住家用,十二層
松山區,57500000,57500000,1186852.0,55.79,2,住宅大樓(11層含以上有電梯),住家用,四層
松山區,65080000,65080000,1276564.0,64.98,2,住宅大樓(11層含以上有電梯),住家用,十三層
松山區,68650000,68650000,1161823.0,66.13,2,住宅大樓(11層含以上有電梯),住家用,二層
松山區,59000000,59000000,1151774.0,65.27,2,住宅大樓(11層含以上有電梯),住家用,二層
松山區,56600000,56600000,1161096.0,55.79,2,住宅大樓(11層含以上有電梯),住家用,二層
松山區,75500000,75500000,1234713.0,75.32,2,住宅大樓(11層含以上有電梯),住家用,五層
松山區,63850000,63850000,1268406.0,64.98,2,住宅大樓(11層含以上有電梯),住家用,十一層
松山區,59300000,59300000,1162438.0,64.29,2,住宅大樓(11層含以上有電梯),住家用,三層
松山區,76800000,76800000,1222419.0,84.52,2,住宅大樓(11層含以上有電梯),住家用,九層
松山區,61280000,61280000,1247328.0,56.08,2,住宅大樓(11層含以上有電梯),住家用,十一層
松山區,61800000,61800000,1258419.0,56.08,2,住宅大樓(11層含以上有電梯),住家用,十三層
松山區,74100000,74100000,1225933.0,74.35,2,住宅大樓(11層含以上有電梯),住家用,十一層
松山區,78650000,78650000,1293550.0,75.32,2,住宅大樓(11層含以上有電梯),住家用,十一層
松山區,63850000,63850000,1287212.0,56.08,2,住宅大樓(11層含以上有電梯),住家用,十四層
松山區,74000000,74000000,1187291.0,75.32,2,住宅大樓(11層含以上有電梯),住家用,四層
松山區,72880000,72880000,1195721.0,74.35,2,住宅大樓(11層含以上有電梯),住家用,六層
松山區,65000000,65000000,1243487.0,65.27,2,住宅大樓(11層含以上有電梯),住家用,十二層
松山區,66970000,66970000,1287080.0,64.98,2,住宅大樓(11層含以上有電梯),住家用,十四層
松山區,63000000,63000000,1246944.0,64.98,2,住宅大樓(11層含以上有電梯),住家用,八層
松山區,59200000,59200000,1206167.0,55.79,2,住宅大樓(11層含以上有電梯),住家用,六層
松山區,61300000,61300000,1201876.0,64.98,2,住宅大樓(11層含以上有電梯),住家用,五層
松山區,62000000,62000000,1266260.0,55.79,2,住宅大樓(11層含以上有電梯),住家用,十層
松山區,73500000,73500000,1224174.0,75.32,2,住宅大樓(11層含以上有電梯),住家用,十層
松山區,64500000,64500000,1255530.0,64.98,2,住宅大樓(11層含以上有電梯),住家用,九層
松山區,68880000,68880000,1165863.0,66.13,2,住宅大樓(11層含以上有電梯),住家用,三層
松山區,77800000,77800000,1269840.0,75.32,2,住宅大樓(11層含以上有電梯),住家用,八層
松山區,58600000,58600000,1194432.0,56.08,2,住宅大樓(11層含以上有電梯),住家用,六層
松山區,62880000,62880000,1242224.0,64.98,2,住宅大樓(11層含以上有電梯),住家用,七層
松山區,69980000,69980000,1143033.0,75.32,2,住宅大樓(11層含以上有電梯),住家用,二層
松山區,73880000,73880000,1211529.0,75.32,2,住宅大樓(11層含以上有電梯),住家用,七層
松山區,79580000,79580000,1288809.0,75.32,2,住宅大樓(11層含以上有電梯),住家用,九層
松山區,75820000,75820000,1233308.0,74.35,2,住宅大樓(11層含以上有電梯),住家用,十二層
松山區,59760000,59760000,1222478.0,55.79,2,住宅大樓(11層含以上有電梯),住家用,十二層
松山區,70660000,70660000,1197126.0,66.13,2,住宅大樓(11層含以上有電梯),住家用,五層
松山區,74720000,74720000,1217500.0,74.35,2,住宅大樓(11層含以上有電梯),住家用,八層
松山區,59550000,59550000,1214693.0,56.08,2,住宅大樓(11層含以上有電梯),住家用,八層
松山區,60580000,60580000,1232396.0,56.08,2,住宅大樓(11層含以上有電梯),住家用,九層
松山區,63300000,63300000,1230690.0,65.27,2,住宅大樓(11層含以上有電梯),住家用,十層
松山區,61660000,61660000,1204243.0,65.27,2,住宅大樓(11層含以上有電梯),住家用,七層
松山區,79630000,79630000,1293199.0,75.32,2,住宅大樓(11層含以上有電梯),住家用,十層
松山區,155860000,155860000,1292287.0,141.45,2,住宅大樓(11層含以上有電梯),住家用,十四層
松山區,57200000,57200000,1166703.0,56.08,2,住宅大樓(11層含以上有電梯),住家用,四層
松山區,59750000,59750000,1182700.0,64.29,2,住宅大樓(11層含以上有電梯),住家用,五層
松山區,58600000,58600000,915802.0,63.99,17,住宅大樓(11層含以上有電梯),住家用,九層
松山區,16200000,16200000,1572804.0,10.3,20,住宅大樓(11層含以上有電梯),辦公用,三層
松山區,37000000,37000000,698463.0,52.97,45,華廈(10層含以下有電梯),住家用,五層
松山區,21800000,21800000,931571.0,23.4,43,住宅大樓(11層含以上有電梯),商業用,三層
松山區,30200000,30200000,773137.0,39.06,48,住宅大樓(11層含以上有電梯),住家用,八層
松山區,16200000,16200000,865310.0,18.72,42,華廈(10層含以下有電梯),住家用,六層
松山區,51000000,51000000,608188.0,83.86,47,華廈(10層含以下有電梯),住家用,三層
松山區,11000000,11000000,789144.0,13.94,55,公寓(5樓含以下無電梯),住家用,四層
松山區,11500000,11500000,1320941.0,8.71,41,華廈(10層含以下有電梯),住家用,五層
松山區,16130000,16130000,607041.0,26.57,46,公寓(5樓含以下無電梯),住家用,四層
松山區,40500000,40500000,1119906.0,36.16,56,公寓(5樓含以下無電梯),住家用,二層
松山區,8000000,8000000,576803.0,13.87,36,住宅大樓(11層含以上有電梯),商業用,九層
松山區,16800000,16800000,1162845.0,14.45,56,華廈(10層含以下有電梯),住家用,三層，露台
松山區,53000000,53000000,688360.0,85.16,43,住宅大樓(11層含以上有電梯),住家用,八層
松山區,10000000,10000000,790671.0,12.65,53,公寓(5樓含以下無電梯),住家用,三層，陽臺
松山區,31000000,31000000,847991.0,36.56,52,公寓(5樓含以下無電梯),住家用,三層，陽臺
松山區,16300000,16300000,1275374.0,12.78,17,住宅大樓(11層含以上有電梯),住家用,二層
松山區,7000000,7000000,393079.0,17.81,40,住宅大樓(11層含以上有電梯),其他,地下層
松山區,28800000,28800000,1042795.0,27.62,53,公寓(5樓含以下無電梯),住家用,一層，平台
松山區,20000000,20000000,679507.0,29.43,44,住宅大樓(11層含以上有電梯),住家用,四層
松山區,15800000,15800000,1220082.0,12.95,30,華廈(10層含以下有電梯),住家用,八層
松山區,14000000,14000000,859925.0,16.28,52,華廈(10層含以下有電梯),住家用,八層，陽臺
松山區,13920000,13920000,849958.0,16.38,49,華廈(10層含以下有電梯),住家用,一層
松山區,19300000,19300000,616684.0,31.3,49,公寓(5樓含以下無電梯),住家用,五層
松山區,9600000,9600000,740969.0,12.96,52,華廈(10層含以下有電梯),住家用,三層，陽臺
松山區,164260000,164260000,1870577.0,107.46,6,住宅大樓(11層含以上有電梯),住家用,九層
松山區,15450000,15450000,1606120.0,9.62,20,住宅大樓(11層含以上有電梯),辦公用,五層
松山區,16020000,16020000,954388.0,16.79,17,住宅大樓(11層含以上有電梯),住家用,十二層
松山區,6250000,6250000,596284.0,10.48,37,住宅大樓(11層含以上有電梯),商業用,四層
松山區,5657500,5657500,855561.0,6.61,44,華廈(10層含以下有電梯),住家用,四層
松山區,45000000,45000000,742172.0,60.63,29,住宅大樓(11層含以上有電梯),住家用,三層
松山區,18000000,18000000,773990.0,23.26,53,公寓(5樓含以下無電梯),住家用,三層，陽臺
松山區,32000000,32000000,1017168.0,31.46,49,華廈(10層含以下有電梯),住家用,一層
松山區,37500000,37500000,1239675.0,30.25,58,公寓(5樓含以下無電梯),住家用,三層
松山區,26500000,26500000,933941.0,28.37,48,華廈(10層含以下有電梯),住家用,五層
松山區,27000000,27000000,949941.0,28.42,42,住宅大樓(11層含以上有電梯),住家用,八層
松山區,41000000,41000000,847323.0,48.39,47,華廈(10層含以下有電梯),住家用,五層
松山區,6900000,6900000,685190.0,10.07,47,華廈(10層含以下有電梯),住家用,三層
松山區,10420000,10420000,891703.0,11.69,44,華廈(10層含以下有電梯),住家用,七層
松山區,17000000,17000000,902566.0,29.55,27,華廈(10層含以下有電梯),辦公用,二層
松山區,25000000,25000000,696076.0,35.92,53,公寓(5樓含以下無電梯),住家用,四層，陽臺
松山區,19380000,19380000,714231.0,27.13,44,華廈(10層含以下有電梯),商業用,一層
松山區,31080000,31080000,1057476.0,29.39,36,住宅大樓(11層含以上有電梯),住家用,十五層
松山區,16800000,16800000,536802.0,31.3,49,公寓(5樓含以下無電梯),住家用,四層
松山區,25000000,25000000,864579.0,28.92,45,華廈(10層含以下有電梯),住家用,二層
松山區,29700000,29700000,1038196.0,28.61,30,住宅大樓(11層含以上有電梯),其他,四層
松山區,12000000,12000000,757775.0,15.84,28,華廈(10層含以下有電梯),住家用,四層
松山區,30880000,30880000,859938.0,35.91,34,華廈(10層含以下有電梯),住家用,三層
松山區,23560000,23560000,1144475.0,24.36,20,住宅大樓(11層含以上有電梯),辦公用,十層
松山區,40880000,40880000,899502.0,45.45,14,華廈(10層含以下有電梯),商業用,一層
松山區,22100000,22100000,1120352.0,19.73,52,公寓(5樓含以下無電梯),住家用,一層，平台
松山區,10400000,10400000,918768.0,11.32,30,住宅大樓(11層含以上有電梯),住家用,七層
松山區,8600000,8600000,839878.0,10.24,18,住宅大樓(11層含以上有電梯),住家用,五層
松山區,42900000,42900000,949465.0,49.63,11,住宅大樓(11層含以上有電梯),住家用,十二層
松山區,15600000,15600000,696053.0,22.41,55,公寓(5樓含以下無電梯),住家用,三層，陽臺
松山區,15550000,15550000,555612.0,27.99,38,住宅大樓(11層含以上有電梯),商業用,二層
松山區,19230000,19230000,1129539.0,17.02,20,住宅大樓(11層含以上有電梯),辦公用,十二層
松山區,22000000,22000000,636621.0,34.56,42,住宅大樓(11層含以上有電梯),住家用,十一層
松山區,28080000,28080000,941832.0,29.81,48,公寓(5樓含以下無電梯),住家用,三層
松山區,19300000,19300000,1261407.0,15.3,41,華廈(10層含以下有電梯),住家用,三層
松山區,24000000,24000000,738727.0,32.49,56,公寓(5樓含以下無電梯),住家用,三層
松山區,14500000,14500000,404028.0,35.89,43,華廈(10層含以下有電梯),住家用,六層
松山區,44000000,44000000,746803.0,58.92,48,華廈(10層含以下有電梯),住家用,五層
松山區,28000000,28000000,1245625.0,22.48,55,公寓(5樓含以下無電梯),住家用,一層，平台
松山區,20000000,20000000,785319.0,25.47,40,公寓(5樓含以下無電梯),住家用,二層
松山區,22580000,22580000,804711.0,28.06,56,公寓(5樓含以下無電梯),住家用,二層，露台
松山區,38580000,38580000,933796.0,41.32,34,華廈(10層含以下有電梯),住家用,四層
松山區,24800000,24800000,799997.0,31.0,53,公寓(5樓含以下無電梯),住家用,二層，陽臺
松山區,22680000,22680000,757941.0,29.92,53,公寓(5樓含以下無電梯),住家用,二層，陽臺
松山區,46450000,46450000,910275.0,51.03,29,住宅大樓(11層含以上有電梯),住家用,七層
松山區,57500000,57500000,908186.0,63.31,22,住宅大樓(11層含以上有電梯),住家用,十層
松山區,18500000,18500000,852486.0,21.7,37,住宅大樓(11層含以上有電梯),商業用,二層
松山區,12500000,12500000,681216.0,18.35,28,華廈(10層含以下有電梯),商業用,四層
松山區,12150000,12150000,496482.0,24.47,52,公寓(5樓含以下無電梯),住家用,二層
松山區,22620000,22620000,859905.0,26.31,42,住宅大樓(11層含以上有電梯),住家用,十層
松山區,16500000,16500000,607685.0,27.15,51,公寓(5樓含以下無電梯),住家用,二層，陽臺
松山區,8550130,8550130,238381.0,35.87,42,住宅大樓(11層含以上有電梯),住家用,六層
松山區,10680000,10680000,1189552.0,8.98,41,華廈(10層含以下有電梯),住家用,三層
松山區,12600000,12600000,968001.0,13.02,27,華廈(10層含以下有電梯),辦公用,七層
松山區,26800000,26800000,775792.0,34.55,47,公寓(5樓含以下無電梯),住家用,五層
松山區,20500000,20500000,780208.0,26.28,53,公寓(5樓含以下無電梯),住家用,二層
松山區,20000000,20000000,761180.0,26.28,53,公寓(5樓含以下無電梯),住家用,三層
松山區,20000000,20000000,618542.0,32.33,40,住宅大樓(11層含以上有電梯),住家用,十層
松山區,21500000,21500000,842916.0,25.51,40,公寓(5樓含以下無電梯),住家用,四層
松山區,27600000,27600000,788251.0,35.01,44,公寓(5樓含以下無電梯),住家用,二層
松山區,16700000,16700000,988309.0,16.9,17,住宅大樓(11層含以上有電梯),住家用,十一層
松山區,56000000,56000000,530961.0,105.47,31,住宅大樓(11層含以上有電梯),商業用,十四層
松山區,13000000,13000000,1191443.0,10.91,40,華廈(10層含以下有電梯),住家用,六層
松山區,8500000,8500000,952520.0,8.92,37,住宅大樓(11層含以上有電梯),住家用,十六層
松山區,38000000,38000000,754751.0,50.35,37,住宅大樓(11層含以上有電梯),商業用,一層，騎樓
松山區,32400000,32400000,854129.0,37.93,46,華廈(10層含以下有電梯),住家用,三層
松山區,33000000,33000000,1126627.0,29.29,52,公寓(5樓含以下無電梯),住家用,一層，騎樓
松山區,23800000,23800000,895492.0,26.58,52,公寓(5樓含以下無電梯),住家用,二層
松山區,26580000,26580000,1542357.0,17.23,43,華廈(10層含以下有電梯),商業用,一層
松山區,36000000,36000000,900014.0,40.0,45,華廈(10層含以下有電梯),住家用,三層
松山區,41000000,41000000,861650.0,47.59,37,住宅大樓(11層含以上有電梯),住家用,十一層
松山區,10000000,10000000,673828.0,14.84,39,公寓(5樓含以下無電梯),商業用,一層，騎樓
松山區,11400000,11400000,701398.0,16.25,49,公寓(5樓含以下無電梯),住家用,四層
松山區,22650000,22650000,1217989.0,20.63,3,住宅大樓(11層含以上有電梯),住家用,四層
松山區,18500000,18500000,857746.0,21.57,13,住宅大樓(11層含以上有電梯),住家用,十一層
松山區,12000000,12000000,696201.0,17.24,48,公寓(5樓含以下無電梯),商業用,三層
松山區,15000000,15000000,757055.0,19.81,17,住宅大樓(11層含以上有電梯),住家用,十層
松山區,25500000,25500000,1074405.0,23.73,53,公寓(5樓含以下無電梯),住家用,四層，陽臺
松山區,16100000,16100000,654975.0,24.58,38,住宅大樓(11層含以上有電梯),住家用,十二層
松山區,19680000,19680000,973194.0,20.22,51,華廈(10層含以下有電梯),住家用,三層，陽臺
松山區,14250000,14250000,795468.0,17.91,33,住宅大樓(11層含以上有電梯),商業用,二層
松山區,21500000,21500000,816014.0,26.35,52,公寓(5樓含以下無電梯),住家用,四層
松山區,14000000,14000000,754132.0,18.56,36,住宅大樓(11層含以上有電梯),商業用,七層
松山區,19500000,19500000,878123.0,22.21,42,住宅大樓(11層含以上有電梯),商業用,十層
松山區,24000000,24000000,922550.0,26.01,47,住宅大樓(11層含以上有電梯),住家用,十三層
松山區,28870000,28870000,860037.0,33.57,34,華廈(10層含以下有電梯),住家用,五層
松山區,10700000,10700000,1028557.0,10.4,27,華廈(10層含以下有電梯),辦公用,五層
松山區,13600000,13600000,1188131.0,11.45,40,住宅大樓(11層含以上有電梯),住家用,十二層
松山區,54800000,54800000,1057238.0,51.83,32,住宅大樓(11層含以上有電梯),住家用,六層
松山區,50500000,50500000,823838.0,61.3,15,華廈(10層含以下有電梯),住家用,二層
松山區,55060000,55060000,1009525.0,54.54,23,華廈(10層含以下有電梯),住家用,五層
松山區,118800000,118800000,663719.0,178.99,35,住宅大樓(11層含以上有電梯),商業用,十二層
松山區,10000000,10000000,279112.0,35.83,52,公寓(5樓含以下無電梯),住家用,四層，陽臺
松山區,11200000,11200000,1024203.0,10.94,27,華廈(10層含以下有電梯),辦公用,四層
松山區,9200000,9200000,784658.0,11.72,41,華廈(10層含以下有電梯),住家用,四層
松山區,45000000,45000000,753921.0,65.02,43,住宅大樓(11層含以上有電梯),商業用,四層
松山區,74500000,74500000,624763.0,119.24,35,住宅大樓(11層含以上有電梯),商業用,四層
松山區,50500000,50500000,1040858.0,48.52,45,華廈(10層含以下有電梯),住家用,七層
松山區,17000000,17000000,729359.0,25.4,20,住宅大樓(11層含以上有電梯),辦公用,二層，三層
松山區,42000000,42000000,1068768.0,39.3,38,住宅大樓(11層含以上有電梯),住家用,十層
松山區,16300000,16300000,842999.0,19.34,49,公寓(5樓含以下無電梯),住家用,五層
松山區,15000000,15000000,599166.0,25.03,58,公寓(5樓含以下無電梯),住家用,三層
松山區,43880000,43880000,1009267.0,49.33,9,住宅大樓(11層含以上有電梯),住家用,三層
松山區,19740000,19740000,1218607.0,16.2,3,住宅大樓(11層含以上有電梯),住家用,四層
松山區,30500000,30500000,871601.0,34.99,43,住宅大樓(11層含以上有電梯),住家用,十層
松山區,31370000,31370000,997528.0,31.45,17,華廈(10層含以下有電梯),住家用,六層
松山區,32500000,32500000,867630.0,37.46,37,住宅大樓(11層含以上有電梯),住家用,十二層
松山區,13960000,13960000,1332631.0,10.48,20,住宅大樓(11層含以上有電梯),辦公用,八層
松山區,10900000,10900000,999257.0,10.91,19,住宅大樓(11層含以上有電梯),住家用,四層
松山區,25000000,25000000,1121261.0,25.16,20,住宅大樓(11層含以上有電梯),辦公用,六層
松山區,11200000,11200000,1247050.0,8.98,41,華廈(10層含以下有電梯),住家用,四層
松山區,13500000,13500000,638459.0,21.14,51,公寓(5樓含以下無電梯),住家用,二層，陽臺
松山區,32800000,32800000,827838.0,39.62,48,華廈(10層含以下有電梯),住家用,四層
松山區,9800000,9800000,373278.0,26.25,50,公寓(5樓含以下無電梯),住家用,三層，陽臺
松山區,9700000,9700000,940636.0,10.31,18,住宅大樓(11層含以上有電梯),住家用,五層
松山區,42300000,42300000,993433.0,42.58,50,華廈(10層含以下有電梯),商業用,二層，陽臺
松山區,61700000,61700000,996715.0,61.9,50,華廈(10層含以下有電梯),商業用,二層，陽臺
松山區,14180000,14180000,1125479.0,12.6,18,華廈(10層含以下有電梯),住家用,二層
松山區,12800000,12800000,707716.0,18.09,36,住宅大樓(11層含以上有電梯),辦公用,三層
松山區,14500000,14500000,924120.0,15.69,9,住宅大樓(11層含以上有電梯),住家用,四層
松山區,19350000,19350000,901075.0,21.47,46,住宅大樓(11層含以上有電梯),住家用,九層，十層
松山區,16000000,16000000,671910.0,23.81,54,公寓(5樓含以下無電梯),住家用,四層
松山區,37470000,37470000,1247344.0,32.13,3,住宅大樓(11層含以上有電梯),住家用,八層
松山區,40060000,40060000,1122428.0,44.6,3,住宅大樓(11層含以上有電梯),住家用,二層
松山區,12950000,12950000,787094.0,16.45,33,公寓(5樓含以下無電梯),商業用,三層
松山區,22100000,22100000,847346.0,26.08,54,公寓(5樓含以下無電梯),住家用,四層
松山區,37980000,37980000,1060111.0,41.82,9,住宅大樓(11層含以上有電梯),住家用,四層
松山區,26930000,26930000,849964.0,31.68,60,公寓(5樓含以下無電梯),住家用,四層，露台
松山區,20500000,20500000,1239146.0,16.54,3,住宅大樓(11層含以上有電梯),住家用,五層
松山區,20000000,20000000,1234660.0,16.2,3,住宅大樓(11層含以上有電梯),住家用,五層
松山區,20000000,20000000,1208924.0,16.54,3,住宅大樓(11層含以上有電梯),住家用,三層
松山區,46000000,46000000,821848.0,55.97,40,住宅大樓(11層含以上有電梯),住家用,五層
松山區,30200000,30200000,960414.0,31.44,41,住宅大樓(11層含以上有電梯),住家用,八層
松山區,35800000,35800000,633011.0,56.56,43,住宅大樓(11層含以上有電梯),住家用,十一層
松山區,18500000,18500000,1668685.0,11.09,20,住宅大樓(11層含以上有電梯),辦公用,六層
松山區,53000000,53000000,717679.0,73.85,22,住宅大樓(11層含以上有電梯),住家用,六層
松山區,38990000,38990000,983016.0,39.67,39,住宅大樓(11層含以上有電梯),商業用,五層
松山區,46500000,46500000,841977.0,55.23,3,住宅大樓(11層含以上有電梯),住家用,五層
松山區,12000000,12000000,382210.0,31.4,50,華廈(10層含以下有電梯),住家用,三層，陽臺
松山區,31000000,31000000,810245.0,38.26,46,住宅大樓(11層含以上有電梯),住家用,七層
松山區,22600000,22600000,810228.0,27.89,48,公寓(5樓含以下無電梯),住家用,五層
松山區,19600000,19600000,566131.0,34.62,47,公寓(5樓含以下無電梯),住家用,四層
松山區,57000000,57000000,1019535.0,55.91,46,住宅大樓(11層含以上有電梯),商業用,九層
松山區,17400000,17400000,707167.0,24.61,20,住宅大樓(11層含以上有電梯),辦公用,二層，三層
松山區,62900000,62900000,1450109.0,55.48,16,住宅大樓(11層含以上有電梯),住家用,九層
松山區,39750000,39750000,1049393.0,48.82,19,住宅大樓(11層含以上有電梯),住家用,八層
松山區,8750000,8750000,631153.0,13.86,37,住宅大樓(11層含以上有電梯),住家用,八層
松山區,10680000,10680000,555999.0,19.21,56,公寓(5樓含以下無電梯),住家用,三層
松山區,54100000,54100000,1293388.0,42.88,12,華廈(10層含以下有電梯),住家用,六層
松山區,40400000,40400000,1341715.0,30.11,8,住宅大樓(11層含以上有電梯),住家用,四層
松山區,35360000,35360000,977776.0,36.16,55,公寓(5樓含以下無電梯),住家用,四層
松山區,10000000,10000000,500726.0,19.97,47,華廈(10層含以下有電梯),住家用,五層
松山區,40000000,40000000,655424.0,61.03,20,住宅大樓(11層含以上有電梯),住家用,十二層
松山區,66000000,66000000,1385795.0,53.26,3,住宅大樓(11層含以上有電梯),住家用,九層
松山區,19800000,19800000,714261.0,27.72,45,公寓(5樓含以下無電梯),住家用,四層
松山區,15560000,15560000,994937.0,15.64,17,住宅大樓(11層含以上有電梯),住家用,十三層
松山區,18680000,18680000,811038.0,23.03,47,公寓(5樓含以下無電梯),住家用,三層
松山區,20000000,20000000,744717.0,26.86,51,公寓(5樓含以下無電梯),住家用,三層，陽台
松山區,42500000,42500000,1624801.0,26.16,43,華廈(10層含以下有電梯),住商用,一層
松山區,16380000,16380000,1072894.0,15.27,13,住宅大樓(11層含以上有電梯),住家用,十一層
松山區,27000000,27000000,901035.0,29.97,53,公寓(5樓含以下無電梯),住家用,四層，陽台
松山區,28000000,28000000,792556.0,35.33,42,住宅大樓(11層含以上有電梯),商業用,四層
松山區,18900000,18900000,541044.0,34.93,37,住宅大樓(11層含以上有電梯),商業用,二層
松山區,34000000,34000000,748017.0,45.45,46,住宅大樓(11層含以上有電梯),商業用,二層
松山區,23000000,23000000,748655.0,30.72,55,公寓(5樓含以下無電梯),住家用,二層
松山區,32000000,32000000,627100.0,51.03,29,住宅大樓(11層含以上有電梯),住家用,七層
松山區,11660000,11660000,890404.0,13.1,18,住宅大樓(11層含以上有電梯),住家用,三層
松山區,30280000,30280000,850176.0,35.62,41,華廈(10層含以下有電梯),住家用,五層
松山區,11200000,11200000,1160656.0,9.65,47,華廈(10層含以下有電梯),住家用,二層
松山區,12500000,12500000,749137.0,16.69,31,住宅大樓(11層含以上有電梯),住家用,七層
松山區,47100000,47100000,1103651.0,42.68,40,華廈(10層含以下有電梯),住家用,三層
松山區,11350000,11350000,492075.0,23.07,57,公寓(5樓含以下無電梯),住家用,二層
松山區,16500000,16500000,983869.0,16.77,17,住宅大樓(11層含以上有電梯),住家用,五層
松山區,21250000,21250000,781838.0,27.18,53,公寓(5樓含以下無電梯),住家用,二層
松山區,26500000,26500000,828404.0,31.99,55,公寓(5樓含以下無電梯),住家用,二層
松山區,13380000,13380000,843472.0,15.86,43,住宅大樓(11層含以上有電梯),商業用,四層
松山區,33000000,33000000,853544.0,38.66,53,公寓(5樓含以下無電梯),工業用,一層，平台，騎樓
松山區,13500000,13500000,676803.0,19.95,52,公寓(5樓含以下無電梯),住家用,二層，陽台
松山區,13500000,13500000,798215.0,16.91,37,住宅大樓(11層含以上有電梯),商業用,七層
松山區,34000000,34000000,1364872.0,24.91,18,華廈(10層含以下有電梯),商業用,一層
松山區,36000000,36000000,586770.0,61.35,47,華廈(10層含以下有電梯),住家用,四層
松山區,13000000,13000000,723369.0,17.97,20,住宅大樓(11層含以上有電梯),辦公用,八層
松山區,13850000,13850000,1299612.0,10.66,22,華廈(10層含以下有電梯),辦公用,三層
松山區,56680000,56680000,832473.0,68.09,47,華廈(10層含以下有電梯),住家用,一層
松山區,37180000,37180000,899055.0,41.35,47,華廈(10層含以下有電梯),住家用,二層
松山區,32800000,32800000,747590.0,43.87,50,華廈(10層含以下有電梯),住家用,七層，陽台
松山區,8700000,8700000,749752.0,11.6,50,華廈(10層含以下有電梯),住家用,七層
松山區,26000000,26000000,922814.0,28.17,57,公寓(5樓含以下無電梯),住家用,二層
松山區,21800000,21800000,702198.0,31.05,50,公寓(5樓含以下無電梯),住家用,二層，陽台
松山區,14580000,14580000,1131156.0,12.89,13,住宅大樓(11層含以上有電梯),住家用,八層
松山區,35000000,35000000,785174.0,44.58,46,華廈(10層含以下有電梯),住家用,四層
松山區,43500000,43500000,875561.0,49.68,57,公寓(5樓含以下無電梯),住家用,四層
松山區,20000000,20000000,964070.0,20.75,45,住宅大樓(11層含以上有電梯),住家用,十層
松山區,19900000,19900000,987472.0,20.15,13,住宅大樓(11層含以上有電梯),住家用,五層
松山區,21860000,21860000,785828.0,27.82,52,公寓(5樓含以下無電梯),住家用,三層，陽台
松山區,14000000,14000000,1038395.0,13.48,49,華廈(10層含以下有電梯),住商用,一層
松山區,14000000,14000000,898315.0,15.58,43,住宅大樓(11層含以上有電梯),商業用,三層
松山區,17800000,17800000,957112.0,18.6,50,公寓(5樓含以下無電梯),住家用,二層，陽台
松山區,21000000,21000000,946189.0,22.19,49,住宅大樓(11層含以上有電梯),其他,五層
松山區,15000000,15000000,891693.0,16.82,20,住宅大樓(11層含以上有電梯),辦公用,二層
松山區,21000000,21000000,1086243.0,19.33,50,華廈(10層含以下有電梯),住家用,七層，陽台
松山區,26000000,26000000,691425.0,37.6,48,公寓(5樓含以下無電梯),商業用,一層
松山區,20880000,20880000,979495.0,21.32,36,住宅大樓(11層含以上有電梯),商業用,七層
松山區,12000000,12000000,867663.0,17.48,18,住宅大樓(11層含以上有電梯),住家用,十層
松山區,14780000,14780000,1076441.0,13.73,17,住宅大樓(11層含以上有電梯),住家用,五層
松山區,17800000,17800000,721031.0,24.69,50,公寓(5樓含以下無電梯),住家用,三層，陽台
松山區,13000000,13000000,834149.0,15.58,43,住宅大樓(11層含以上有電梯),住家用,十層
松山區,31500000,31500000,868133.0,36.28,48,公寓(5樓含以下無電梯),住家用,三層
松山區,9600000,9600000,915892.0,10.48,37,住宅大樓(11層含以上有電梯),住家用,十二層
松山區,7900000,7900000,692545.0,11.41,37,住宅大樓(11層含以上有電梯),商業用,八層
松山區,18750000,18750000,1858025.0,10.09,20,住宅大樓(11層含以上有電梯),辦公用,七層
松山區,40200000,40200000,477295.0,84.22,31,住宅大樓(11層含以上有電梯),商業用,十三層
松山區,16830000,16830000,999938.0,16.83,48,住宅大樓(11層含以上有電梯),商業用,十層
松山區,39030000,39030000,948715.0,41.14,34,華廈(10層含以下有電梯),住家用,三層
松山區,27200000,27200000,901792.0,30.16,52,公寓(5樓含以下無電梯),住家用,四層
松山區,33580000,33580000,800985.0,41.92,45,華廈(10層含以下有電梯),住家用,七層
松山區,18610000,18610000,837019.0,22.23,49,公寓(5樓含以下無電梯),住家用,五層
松山區,22020000,22020000,839991.0,26.21,3,住宅大樓(11層含以上有電梯),住家用,十二層
松山區,35200000,35200000,898358.0,39.18,12,華廈(10層含以下有電梯),住家用,四層
松山區,16300000,16300000,968798.0,16.82,17,住宅大樓(11層含以上有電梯),住家用,七層
松山區,12170000,12170000,879763.0,13.83,30,住宅大樓(11層含以上有電梯),住家用,六層
松山區,14600000,14600000,1060296.0,13.77,38,住宅大樓(11層含以上有電梯),住家用,八層
松山區,43000000,43000000,721755.0,59.58,9,住宅大樓(11層含以上有電梯),住家用,七層
松山區,32000000,32000000,894821.0,35.76,34,華廈(10層含以下有電梯),住家用,四層
松山區,21500000,21500000,1053664.0,23.14,13,住宅大樓(11層含以上有電梯),住家用,五層
松山區,122000000,122000000,1175377.0,153.45,16,住宅大樓(11層含以上有電梯),住家用,一層
松山區,21500000,21500000,638128.0,33.69,52,公寓(5樓含以下無電梯),住家用,四層，陽台
松山區,8800000,8800000,996609.0,8.83,30,住宅大樓(11層含以上有電梯),住家用,八層
松山區,23000000,23000000,1127255.0,20.4,49,住宅大樓(11層含以上有電梯),住家用,二層
松山區,18300000,18300000,572988.0,31.94,51,公寓(5樓含以下無電梯),住家用,三層，陽台
松山區,15000000,15000000,554231.0,27.06,48,住宅大樓(11層含以上有電梯),住家用,六層
松山區,8200000,8200000,746972.0,10.98,37,住宅大樓(11層含以上有電梯),商業用,六層
松山區,18510000,18510000,912199.0,20.29,18,住宅大樓(11層含以上有電梯),住家用,十一層
松山區,17300000,17300000,616542.0,28.06,56,公寓(5樓含以下無電梯),住家用,三層，露台
松山區,21650000,21650000,714919.0,30.28,48,公寓(5樓含以下無電梯),住家用,五層
松山區,51180000,51180000,806053.0,63.49,48,住宅大樓(11層含以上有電梯),住家用,五層
松山區,49500000,49500000,936943.0,52.83,32,住宅大樓(11層含以上有電梯),住家用,八層
松山區,15800000,15800000,955224.0,16.54,46,住宅大樓(11層含以上有電梯),住家用,十層
松山區,33700000,33700000,1272088.0,28.62,3,住宅大樓(11層含以上有電梯),住家用,十一層
松山區,20700000,20700000,1277874.0,16.2,3,住宅大樓(11層含以上有電梯),住家用,八層
松山區,21050000,21050000,1299480.0,16.2,3,住宅大樓(11層含以上有電梯),住家用,十二層
松山區,33250000,33250000,1253741.0,28.62,3,住宅大樓(11層含以上有電梯),住家用,八層
松山區,37610000,37610000,1252336.0,32.13,3,住宅大樓(11層含以上有電梯),住家用,九層
松山區,32300000,32300000,1215007.0,28.62,3,住宅大樓(11層含以上有電梯),住家用,五層
松山區,30000000,30000000,932173.0,32.18,49,華廈(10層含以下有電梯),住家用,三層
松山區,16500000,16500000,602647.0,27.38,45,公寓(5樓含以下無電梯),住家用,二層
松山區,39100000,39100000,825607.0,47.36,29,住宅大樓(11層含以上有電梯),住家用,一層
松山區,24800000,24800000,742741.0,33.39,42,華廈(10層含以下有電梯),住家用,五層
松山區,10000000,10000000,275436.0,36.31,37,住宅大樓(11層含以上有電梯),住家用,十一層
松山區,39000000,39000000,890989.0,43.77,45,華廈(10層含以下有電梯),住家用,五層
松山區,21200000,21200000,1029420.0,20.59,52,華廈(10層含以下有電梯),住家用,四層，陽臺
松山區,48000000,48000000,1078858.0,44.49,38,華廈(10層含以下有電梯),住家用,一層
松山區,40580000,40580000,704863.0,57.57,41,華廈(10層含以下有電梯),其他,一層，騎樓
松山區,28880000,28880000,922074.0,31.32,49,華廈(10層含以下有電梯),住家用,六層
松山區,35300000,35300000,867039.0,40.71,44,住宅大樓(11層含以上有電梯),住家用,九層
松山區,47700000,47700000,1203057.0,49.69,19,華廈(10層含以下有電梯),住家用,二層
松山區,14179000,14179000,1100045.0,12.89,13,住宅大樓(11層含以上有電梯),住家用,十二層
松山區,38000000,38000000,892506.0,42.58,34,華廈(10層含以下有電梯),商業用,一層
松山區,24000000,24000000,796579.0,30.13,53,公寓(5樓含以下無電梯),住家用,二層，陽臺
松山區,29000000,29000000,803389.0,36.1,43,住宅大樓(11層含以上有電梯),住家用,八層
松山區,26200000,26200000,1072861.0,24.42,17,住宅大樓(11層含以上有電梯),住家用,五層
松山區,43050000,43050000,961003.0,44.8,45,華廈(10層含以下有電梯),住家用,七層
松山區,16000000,16000000,1008636.0,15.86,43,住宅大樓(11層含以上有電梯),住家用,十二層
松山區,38000000,38000000,629993.0,60.32,43,公寓(5樓含以下無電梯),其他,一層
松山區,9800000,9800000,904940.0,10.83,42,住宅大樓(11層含以上有電梯),商業用,六層
松山區,19200000,19200000,710605.0,27.02,52,公寓(5樓含以下無電梯),住家用,四層，陽臺
松山區,5508574,5508574,257499.0,21.39,47,華廈(10層含以下有電梯),住商用,一層
松山區,31330000,31330000,965965.0,32.43,51,公寓(5樓含以下無電梯),住家用,一層，平台
松山區,69880000,69880000,1364095.0,51.23,5,住宅大樓(11層含以上有電梯),住家用,二十一層
松山區,29700000,29700000,1210782.0,24.53,3,住宅大樓(11層含以上有電梯),住家用,四層
松山區,21900000,21900000,695858.0,31.47,51,公寓(5樓含以下無電梯),住家用,四層，陽臺
松山區,24680000,24680000,820880.0,30.07,56,公寓(5樓含以下無電梯),住商用,一層，地下層
松山區,22150000,22150000,878926.0,25.2,55,公寓(5樓含以下無電梯),住家用,三層，陽臺
松山區,24230000,24230000,849683.0,28.52,47,住宅大樓(11層含以上有電梯),辦公用,六層
松山區,14200000,14200000,1155932.0,12.28,44,住宅大樓(11層含以上有電梯),辦公用,三層
松山區,34160000,34160000,929740.0,36.74,25,住宅大樓(11層含以上有電梯),住家用,六層
松山區,32000000,32000000,768903.0,41.62,42,住宅大樓(11層含以上有電梯),商業用,五層
松山區,52000000,52000000,764823.0,67.99,22,住宅大樓(11層含以上有電梯),住家用,七層
松山區,27500000,27500000,925287.0,29.72,45,華廈(10層含以下有電梯),住家用,六層
松山區,22900000,22900000,880265.0,26.01,47,住宅大樓(11層含以上有電梯),住家用,六層
松山區,39000000,39000000,931816.0,41.85,24,住宅大樓(11層含以上有電梯),住家用,十七層
松山區,26500000,26500000,899515.0,29.46,54,公寓(5樓含以下無電梯),住家用,三層，陽臺
松山區,15600000,15600000,682241.0,22.87,43,華廈(10層含以下有電梯),住家用,一層
松山區,32550000,32550000,736155.0,44.22,34,華廈(10層含以下有電梯),住家用,一層
松山區,17000000,17000000,720126.0,23.61,34,公寓(5樓含以下無電梯),商業用,二層
松山區,22000000,22000000,869948.0,25.29,56,公寓(5樓含以下無電梯),住家用,三層，露台
松山區,19880000,19880000,699438.0,28.42,54,公寓(5樓含以下無電梯),住家用,二層，陽台
松山區,23000000,23000000,732499.0,31.4,51,公寓(5樓含以下無電梯),住家用,四層
松山區,12500000,12500000,789501.0,15.83,43,住宅大樓(11層含以上有電梯),商業用,七層
松山區,39280000,39280000,856711.0,45.85,34,華廈(10層含以下有電梯),住家用,七層
松山區,23550000,23550000,923396.0,25.5,43,住宅大樓(11層含以上有電梯),住家用,十層
松山區,4650000,4650000,433870.0,10.72,37,住宅大樓(11層含以上有電梯),商業用,二層
松山區,23600000,23600000,927006.0,25.46,43,住宅大樓(11層含以上有電梯),住家用,十層
松山區,11829000,11829000,849908.0,13.92,48,公寓(5樓含以下無電梯),住家用,三層
松山區,23500000,23500000,640238.0,36.71,47,住宅大樓(11層含以上有電梯),住家用,十二層
松山區,54400000,54400000,1619703.0,33.59,53,公寓(5樓含以下無電梯),住家用,一層
松山區,33150000,33150000,937846.0,35.35,48,華廈(10層含以下有電梯),住家用,五層
松山區,44580000,44580000,1022213.0,43.61,47,公寓(5樓含以下無電梯),住家用,一層
松山區,13000000,13000000,851505.0,15.27,13,住宅大樓(11層含以上有電梯),住家用,六層
松山區,40880000,40880000,999714.0,40.89,34,華廈(10層含以下有電梯),商業用,一層
松山區,40000000,40000000,802962.0,49.82,43,住宅大樓(11層含以上有電梯),住家用,十二層
松山區,33360000,33360000,901359.0,37.01,9,華廈(10層含以下有電梯),住家用,一層
松山區,50000000,50000000,1093840.0,45.71,44,華廈(10層含以下有電梯),商業用,地下一層
松山區,47000000,47000000,768486.0,61.16,20,住宅大樓(11層含以上有電梯),住家用,二層
松山區,49880000,49880000,818004.0,60.98,20,住宅大樓(11層含以上有電梯),住家用,二層
松山區,42300000,42300000,785326.0,53.86,45,華廈(10層含以下有電梯),商業用,五層
松山區,26480000,26480000,936232.0,28.28,34,華廈(10層含以下有電梯),住家用,五層
松山區,34000000,34000000,735246.0,46.24,40,公寓(5樓含以下無電梯),住家用,五層
松山區,28400000,28400000,765594.0,37.1,48,公寓(5樓含以下無電梯),商業用,四層
松山區,14000000,14000000,882556.0,15.86,43,住宅大樓(11層含以上有電梯),商業用,三層
松山區,32000000,32000000,1036302.0,30.88,53,公寓(5樓含以下無電梯),住家用,一層，平台
松山區,26800000,26800000,755934.0,35.45,52,華廈(10層含以下有電梯),住家用,三層，陽台
松山區,19080000,19080000,815339.0,23.4,43,住宅大樓(11層含以上有電梯),住家用,十層
松山區,49880000,49880000,1106917.0,54.53,5,住宅大樓(11層含以上有電梯),住家用,十二層
松山區,50000000,50000000,982275.0,84.93,6,住宅大樓(11層含以上有電梯),住家用,二十二層
松山區,12500000,12500000,840400.0,14.87,10,華廈(10層含以下有電梯),住家用,二層
松山區,14000000,14000000,589494.0,23.75,45,住宅大樓(11層含以上有電梯),商業用,三層
松山區,48500000,48500000,1497435.0,42.39,5,住宅大樓(11層含以上有電梯),住家用,十三層
松山區,43000000,43000000,881892.0,53.24,18,華廈(10層含以下有電梯),住家用,二層
松山區,33900000,33900000,557877.0,60.77,32,公寓(5樓含以下無電梯),住家用,二層
松山區,42000000,42000000,874440.0,48.03,45,住宅大樓(11層含以上有電梯),商業用,四層
松山區,23950000,23950000,589662.0,40.62,45,華廈(10層含以下有電梯),住家用,四層
松山區,45590000,45590000,829924.0,61.65,44,住宅大樓(11層含以上有電梯),住家用,十三層
松山區,8200000,8200000,535192.0,15.32,27,住宅大樓(11層含以上有電梯),住家用,九層
松山區,15500000,15500000,978983.0,15.83,43,住宅大樓(11層含以上有電梯),商業用,六層
松山區,26300000,26300000,905558.0,29.04,64,公寓(5樓含以下無電梯),住家用,三層
松山區,25100000,25100000,841878.0,29.81,48,公寓(5樓含以下無電梯),住家用,四層
松山區,56680000,56680000,1045433.0,54.22,14,華廈(10層含以下有電梯),住家用,七層
松山區,53980000,53980000,724069.0,74.55,22,住宅大樓(11層含以上有電梯),住家用,二層
松山區,31500000,31500000,490706.0,64.19,38,住宅大樓(11層含以上有電梯),住家用,八層
松山區,37000000,37000000,1077188.0,34.35,50,公寓(5樓含以下無電梯),住家用,一層，平台
松山區,20450000,20450000,1262439.0,16.2,3,住宅大樓(11層含以上有電梯),住家用,六層
松山區,33780000,33780000,1275351.0,28.62,3,住宅大樓(11層含以上有電梯),住家用,十二層
松山區,172000000,172000000,1945781.0,108.46,6,住宅大樓(11層含以上有電梯),住家用,十一層
松山區,15050000,15050000,1040408.0,14.47,24,華廈(10層含以下有電梯),住家用,四層
松山區,13010000,13010000,1079800.0,12.05,13,住宅大樓(11層含以上有電梯),住家用,六層
松山區,17000000,17000000,455529.0,37.32,46,華廈(10層含以下有電梯),商業用,地下層
松山區,21000000,21000000,1269368.0,16.54,3,住宅大樓(11層含以上有電梯),住家用,六層
松山區,31000000,31000000,855710.0,36.23,44,華廈(10層含以下有電梯),住家用,六層
松山區,162890000,162890000,1880147.0,96.41,6,住宅大樓(11層含以上有電梯),住家用,十層
松山區,19010000,19010000,875987.0,21.7,56,公寓(5樓含以下無電梯),住家用,三層
松山區,23700000,23700000,839736.0,28.22,53,公寓(5樓含以下無電梯),住家用,一層
松山區,33800000,33800000,838672.0,40.3,47,華廈(10層含以下有電梯),住家用,五層
松山區,10600000,10600000,969872.0,10.93,36,住宅大樓(11層含以上有電梯),住家用,十九層
松山區,36900000,36900000,923211.0,39.97,24,住宅大樓(11層含以上有電梯),住家用,七層
松山區,45000000,45000000,1022203.0,44.02,41,住宅大樓(11層含以上有電梯),住家用,四層
松山區,31600000,31600000,642337.0,49.2,54,住宅大樓(11層含以上有電梯),住家用,四層
松山區,20450000,20450000,833891.0,24.52,58,公寓(5樓含以下無電梯),住家用,二層
松山區,24900000,24900000,690152.0,36.08,46,公寓(5樓含以下無電梯),住家用,四層
松山區,92250000,92250000,820027.0,112.5,35,住宅大樓(11層含以上有電梯),商業用,十二層
松山區,18000000,18000000,596416.0,30.18,48,公寓(5樓含以下無電梯),住家用,四層
松山區,33400000,33400000,631550.0,52.89,27,住宅大樓(11層含以上有電梯),住家用,十一層
松山區,22000000,22000000,730198.0,30.13,53,公寓(5樓含以下無電梯),住家用,四層，陽台
松山區,23080000,23080000,768589.0,30.03,51,公寓(5樓含以下無電梯),住家用,一層，平台
松山區,28900000,28900000,957961.0,30.17,55,華廈(10層含以下有電梯),住家用,六層，陽臺
松山區,21400000,21400000,1005747.0,21.28,40,住宅大樓(11層含以上有電梯),商業用,三層
松山區,39380000,39380000,756873.0,52.03,42,住宅大樓(11層含以上有電梯),商業用,十層
松山區,20700000,20700000,971052.0,21.32,36,住宅大樓(11層含以上有電梯),商業用,五層
松山區,22200000,22200000,961971.0,23.08,46,住宅大樓(11層含以上有電梯),住家用,七層，八層
松山區,31000000,31000000,829862.0,37.36,46,華廈(10層含以下有電梯),住家用,二層
松山區,15500000,15500000,896586.0,17.29,45,華廈(10層含以下有電梯),住家用,六層
松山區,36800000,36800000,1101612.0,42.45,8,住宅大樓(11層含以上有電梯),住家用,八層
松山區,21550000,21550000,1302614.0,16.54,3,住宅大樓(11層含以上有電梯),住家用,十一層
松山區,20500000,20500000,876020.0,23.4,43,住宅大樓(11層含以上有電梯),住家用,十層
松山區,36000000,36000000,932450.0,38.61,48,華廈(10層含以下有電梯),住家用,五層
松山區,36980000,36980000,917574.0,40.3,47,華廈(10層含以下有電梯),住家用,三層
松山區,40200000,40200000,592902.0,67.8,22,住宅大樓(11層含以上有電梯),住家用,五層
松山區,12000000,12000000,455658.0,26.34,53,公寓(5樓含以下無電梯),住家用,四層，陽臺
松山區,44000000,44000000,849819.0,57.58,37,住宅大樓(11層含以上有電梯),住家用,十八層
松山區,29500000,29500000,795508.0,37.08,11,住宅大樓(11層含以上有電梯),住家用,十四層
松山區,24300000,24300000,1124137.0,21.62,20,住宅大樓(11層含以上有電梯),辦公用,四層
松山區,21700000,21700000,1192220.0,18.2,3,華廈(10層含以下有電梯),住家用,五層
松山區,24080000,24080000,1252267.0,23.07,3,華廈(10層含以下有電梯),住家用,七層
松山區,20000000,20000000,1150445.0,17.38,3,華廈(10層含以下有電梯),住家用,三層
松山區,20120000,20120000,1125998.0,17.87,3,華廈(10層含以下有電梯),住家用,二層
松山區,20560000,20560000,1150623.0,17.87,3,華廈(10層含以下有電梯),住家用,三層
松山區,21880000,21880000,1143542.0,22.99,3,華廈(10層含以下有電梯),住家用,五層
松山區,20700000,20700000,1087169.0,22.99,3,華廈(10層含以下有電梯),住家用,二層
松山區,19900000,19900000,1093327.0,18.2,3,華廈(10層含以下有電梯),住家用,二層
松山區,19900000,19900000,1093327.0,18.2,3,華廈(10層含以下有電梯),住家用,三層
松山區,20100000,20100000,1124878.0,17.87,3,華廈(10層含以下有電梯),住家用,五層
松山區,23000000,23000000,1207966.0,22.99,3,華廈(10層含以下有電梯),住家用,六層
松山區,19250000,19250000,1077311.0,17.87,3,華廈(10層含以下有電梯),住家用,四層
松山區,18760000,18760000,1030692.0,18.2,3,華廈(10層含以下有電梯),住家用,四層
松山區,22400000,22400000,1131784.0,23.8,3,華廈(10層含以下有電梯),住家用,六層
松山區,20100000,20100000,1124878.0,17.87,3,華廈(10層含以下有電梯),住家用,六層
松山區,20000000,20000000,829561.0,24.11,56,公寓(5樓含以下無電梯),住家用,四層
松山區,17066000,17066000,803544.0,21.24,13,住宅大樓(11層含以上有電梯),住家用,十二層
松山區,14880000,14880000,1082534.0,13.75,17,住宅大樓(11層含以上有電梯),住家用,十層
松山區,18400000,18400000,1558860.0,11.8,20,住宅大樓(11層含以上有電梯),辦公用,三層
松山區,23000000,23000000,934302.0,24.62,51,公寓(5樓含以下無電梯),住家用,四層，陽台
松山區,6000000,6000000,1199202.0,5.0,8,住宅大樓(11層含以上有電梯),住家用,九層
松山區,39990000,39990000,792850.0,59.5,3,住宅大樓(11層含以上有電梯),住家用,二層
松山區,3493918,3493918,65012.0,53.74,60,透天厝,住商用,全
松山區,45300000,45300000,859710.0,52.69,45,華廈(10層含以下有電梯),住家用,七層
松山區,18000000,18000000,977727.0,18.41,48,住宅大樓(11層含以上有電梯),商業用,四層
松山區,30800000,30800000,840503.0,36.64,51,公寓(5樓含以下無電梯),住家用,四層，陽臺
松山區,72800000,72800000,1156984.0,77.27,18,住宅大樓(11層含以上有電梯),住家用,十層
松山區,5310000,5310000,289905.0,18.32,43,華廈(10層含以下有電梯),住家用,五層
松山區,4500000,4500000,273809.0,16.43,35,華廈(10層含以下有電梯),住家用,七層
松山區,16280000,16280000,1066345.0,15.27,13,住宅大樓(11層含以上有電梯),住家用,八層
松山區,197180000,197180000,1870336.0,135.55,6,住宅大樓(11層含以上有電梯),住家用,九層
松山區,31000000,31000000,644162.0,48.12,42,住宅大樓(11層含以上有電梯),商業用,五層
松山區,22200000,22200000,1087562.0,20.41,17,住宅大樓(11層含以上有電梯),住家用,五層
松山區,17350000,17350000,920933.0,18.84,53,公寓(5樓含以下無電梯),住家用,一層，陽台
松山區,22700000,22700000,652082.0,34.81,52,公寓(5樓含以下無電梯),住家用,三層，陽台
松山區,24500000,24500000,1050120.0,28.67,23,住宅大樓(11層含以上有電梯),辦公用,五層
松山區,18500000,18500000,755213.0,24.5,48,公寓(5樓含以下無電梯),商業用,一層
松山區,35000000,35000000,744645.0,47.0,34,住宅大樓(11層含以上有電梯),住家用,九層
松山區,19000000,19000000,833138.0,22.81,50,華廈(10層含以下有電梯),住家用,二層，陽台
松山區,12800000,12800000,923690.0,13.86,36,住宅大樓(11層含以上有電梯),商業用,三層
松山區,8000000,8000000,1142888.0,7.0,57,公寓(5樓含以下無電梯),住家用,一層
松山區,26800000,26800000,1290726.0,20.76,50,公寓(5樓含以下無電梯),住家用,一層，平台
松山區,13060000,13060000,1499088.0,8.71,18,住宅大樓(11層含以上有電梯),住家用,六層
松山區,10480000,10480000,989852.0,10.59,18,住宅大樓(11層含以上有電梯),住家用,六層
松山區,31080000,31080000,938560.0,33.11,50,公寓(5樓含以下無電梯),住家用,三層，陽臺
松山區,21300000,21300000,608429.0,35.01,53,公寓(5樓含以下無電梯),住家用,四層
松山區,17300000,17300000,886397.0,19.52,18,住宅大樓(11層含以上有電梯),住家用,十層
松山區,32500000,32500000,886748.0,36.65,44,公寓(5樓含以下無電梯),住家用,二層
松山區,51000000,51000000,814827.0,62.59,22,住宅大樓(11層含以上有電梯),住家用,三層
松山區,24000000,24000000,686383.0,34.97,52,公寓(5樓含以下無電梯),住家用,二層，陽台
松山區,31200000,31200000,808440.0,38.59,46,華廈(10層含以下有電梯),住家用,三層
松山區,11000000,11000000,1084193.0,10.15,49,華廈(10層含以下有電梯),住商用,一層
松山區,26000000,26000000,739742.0,35.15,53,公寓(5樓含以下無電梯),住家用,四層
松山區,6300000,6300000,522624.0,12.05,57,公寓(5樓含以下無電梯),住家用,三層
松山區,10350000,10350000,640013.0,16.17,56,公寓(5樓含以下無電梯),住家用,四層
松山區,32000000,32000000,545569.0,58.65,45,華廈(10層含以下有電梯),其他,一層
松山區,36000000,36000000,780846.0,46.1,49,華廈(10層含以下有電梯),住家用,五層
松山區,12500000,12500000,709035.0,17.63,41,華廈(10層含以下有電梯),住家用,六層
松山區,20200000,20200000,910764.0,22.18,43,住宅大樓(11層含以上有電梯),住家用,十四層
松山區,52000000,52000000,919455.0,56.56,43,華廈(10層含以下有電梯),商業用,九層
松山區,57210000,57210000,749901.0,76.29,46,華廈(10層含以下有電梯),住家用,五層
松山區,43110000,43110000,1470119.0,38.64,8,住宅大樓(11層含以上有電梯),其他,十三層
松山區,36780000,36780000,1419914.0,25.9,8,住宅大樓(11層含以上有電梯),住家用,十一層
松山區,16380000,16380000,1008738.0,16.24,17,住宅大樓(11層含以上有電梯),住家用,十三層
松山區,33600000,33600000,1544638.0,21.75,5,華廈(10層含以下有電梯),住家用,二層
松山區,18270000,18270000,599712.0,30.46,47,華廈(10層含以下有電梯),住家用,五層
松山區,40300000,40300000,857518.0,47.0,43,華廈(10層含以下有電梯),住家用,七層
松山區,32500000,32500000,839690.0,38.7,47,住宅大樓(11層含以上有電梯),住家用,十三層
松山區,23000000,23000000,934302.0,24.62,51,公寓(5樓含以下無電梯),住家用,二層，陽台
松山區,13500000,13500000,850711.0,15.87,31,住宅大樓(11層含以上有電梯),商業用,二層，電梯樓梯間
松山區,6500000,6500000,977158.0,6.65,30,華廈(10層含以下有電梯),住家用,十層
松山區,7850000,7850000,879680.0,8.92,37,住宅大樓(11層含以上有電梯),商業用,六層
松山區,20400000,20400000,1376294.0,14.82,17,住宅大樓(11層含以上有電梯),住家用,十一層
松山區,32710000,32710000,812357.0,40.27,48,住宅大樓(11層含以上有電梯),住家用,八層
松山區,16430000,16430000,979694.0,16.77,17,住宅大樓(11層含以上有電梯),住家用,七層
松山區,16400000,16400000,617837.0,26.54,55,公寓(5樓含以下無電梯),住家用,一層
松山區,20500000,20500000,1017244.0,20.15,13,住宅大樓(11層含以上有電梯),住家用,十層
松山區,11300000,11300000,887095.0,12.74,21,華廈(10層含以下有電梯),住家用,四層
松山區,16500000,16500000,717425.0,23.0,51,公寓(5樓含以下無電梯),住家用,三層，陽臺
松山區,17300000,17300000,639355.0,27.06,52,公寓(5樓含以下無電梯),住家用,四層
松山區,10500000,10500000,750992.0,13.98,33,華廈(10層含以下有電梯),住家用,四層
松山區,9416252,9416252,376309.0,25.02,40,公寓(5樓含以下無電梯),住家用,二層
松山區,14420000,14420000,919022.0,15.69,9,住宅大樓(11層含以上有電梯),住家用,二層
松山區,12100000,12100000,1014719.0,11.92,13,住宅大樓(11層含以上有電梯),住家用,五層
松山區,40000000,40000000,1029925.0,38.84,52,公寓(5樓含以下無電梯),住家用,一層，平台
松山區,19800000,19800000,780526.0,25.37,54,公寓(5樓含以下無電梯),住家用,二層，陽臺
松山區,14750000,14750000,844047.0,17.48,42,住宅大樓(11層含以上有電梯),商業用,七層
松山區,18000000,18000000,871789.0,25.12,22,華廈(10層含以下有電梯),住家用,八層
松山區,21080000,21080000,1046497.0,20.14,24,住宅大樓(11層含以上有電梯),住家用,九層
松山區,14650000,14650000,642562.0,22.8,38,住宅大樓(11層含以上有電梯),商業用,一層
松山區,20580000,20580000,880463.0,23.37,42,住宅大樓(11層含以上有電梯),商業用,八層
松山區,27500000,27500000,881078.0,31.21,50,公寓(5樓含以下無電梯),住家用,二層，陽台
松山區,22450000,22450000,830427.0,27.03,47,公寓(5樓含以下無電梯),商業用,一層
松山區,6100000,6100000,482078.0,12.65,57,公寓(5樓含以下無電梯),住家用,一層
松山區,19000000,19000000,821263.0,23.14,49,華廈(10層含以下有電梯),住家用,六層
松山區,17860000,17860000,1112557.0,19.3,13,住宅大樓(11層含以上有電梯),住家用,十層
松山區,20250000,20250000,999737.0,20.26,46,住宅大樓(11層含以上有電梯),住家用,九層，十層
松山區,40000000,40000000,501867.0,79.71,45,華廈(10層含以下有電梯),其他,地下層
松山區,28000000,28000000,906764.0,30.88,53,公寓(5樓含以下無電梯),住家用,二層，陽台
松山區,21800000,21800000,1011175.0,21.56,36,住宅大樓(11層含以上有電梯),住家用,十四層
松山區,23200000,23200000,1506473.0,15.4,20,住宅大樓(11層含以上有電梯),辦公用,十一層
松山區,20600000,20600000,665358.0,30.96,55,公寓(5樓含以下無電梯),住家用,三層
松山區,15000000,15000000,372190.0,40.3,47,華廈(10層含以下有電梯),住家用,一層
松山區,34600000,34600000,919829.0,37.62,34,住宅大樓(11層含以上有電梯),住家用,二層
松山區,36100000,36100000,911059.0,39.62,48,華廈(10層含以下有電梯),住家用,四層
松山區,29400000,29400000,872447.0,33.7,34,華廈(10層含以下有電梯),住家用,一層
松山區,61800000,61800000,732122.0,84.41,42,住宅大樓(11層含以上有電梯),住家用,九層
松山區,15800000,15800000,1013813.0,15.58,43,住宅大樓(11層含以上有電梯),住商用,八層
松山區,26000000,26000000,673755.0,38.59,37,公寓(5樓含以下無電梯),住家用,五層
松山區,40000000,40000000,812784.0,49.21,49,華廈(10層含以下有電梯),住家用,二層
松山區,24100000,24100000,782532.0,30.8,48,公寓(5樓含以下無電梯),住家用,四層
松山區,13400000,13400000,744374.0,18.0,29,住宅大樓(11層含以上有電梯),住家用,十一層
松山區,30080000,30080000,831772.0,36.16,57,公寓(5樓含以下無電梯),住家用,三層
松山區,34500000,34500000,850992.0,40.54,33,住宅大樓(11層含以上有電梯),住家用,十層
松山區,11550000,11550000,629444.0,18.35,28,華廈(10層含以下有電梯),住家用,五層
松山區,19280000,19280000,722139.0,26.7,22,華廈(10層含以下有電梯),住家用,八層
松山區,14380000,14380000,1447987.0,9.93,17,住宅大樓(11層含以上有電梯),住家用,十層
松山區,3000000,3000000,182774.0,16.41,49,住宅大樓(11層含以上有電梯),商業用,地下一層
松山區,23880000,23880000,887392.0,26.91,47,住宅大樓(11層含以上有電梯),住家用,六層
松山區,37300000,37300000,1439990.0,25.9,8,住宅大樓(11層含以上有電梯),住家用,十三層
松山區,25500000,25500000,832407.0,30.63,41,華廈(10層含以下有電梯),住家用,四層
松山區,42500000,42500000,821567.0,51.73,43,住宅大樓(11層含以上有電梯),商業用,四層
松山區,52500000,52500000,967257.0,60.0,38,住宅大樓(11層含以上有電梯),住家用,二層
松山區,15400000,15400000,658509.0,23.39,43,公寓(5樓含以下無電梯),住家用,五層
松山區,37680000,37680000,1309110.0,38.61,8,住宅大樓(11層含以上有電梯),住家用,九層
松山區,22080000,22080000,751180.0,29.39,49,住宅大樓(11層含以上有電梯),住家用,四層
松山區,42380000,42380000,672456.0,63.02,54,華廈(10層含以下有電梯),住家用,六層
松山區,30680000,30680000,949346.0,37.08,11,住宅大樓(11層含以上有電梯),住家用,十一層
松山區,17820000,17820000,1092329.0,16.31,44,住宅大樓(11層含以上有電梯),商業用,六層
松山區,13100000,13100000,827399.0,15.83,43,住宅大樓(11層含以上有電梯),住家用,十一層
松山區,15500000,15500000,1073760.0,14.44,13,住宅大樓(11層含以上有電梯),住家用,十層
松山區,11000000,11000000,590899.0,18.62,53,公寓(5樓含以下無電梯),住家用,二層，陽臺
松山區,17560000,17560000,1040692.0,16.87,40,華廈(10層含以下有電梯),住家用,七層
松山區,15000000,15000000,368131.0,40.75,44,公寓(5樓含以下無電梯),住家用,四層
松山區,42800000,42800000,912533.0,46.9,41,華廈(10層含以下有電梯),住家用,七層
松山區,28180000,28180000,795061.0,35.44,42,住宅大樓(11層含以上有電梯),住家用,十四層
松山區,28980000,28980000,720099.0,40.24,50,公寓(5樓含以下無電梯),住家用,四層，陽臺
松山區,13950000,13950000,589718.0,23.66,45,華廈(10層含以下有電梯),住家用,六層
松山區,30000000,30000000,766354.0,39.15,41,住宅大樓(11層含以上有電梯),住家用,十二層
松山區,31880000,31880000,1071568.0,39.51,17,華廈(10層含以下有電梯),住家用,一層
松山區,16770000,16770000,983644.0,17.05,53,公寓(5樓含以下無電梯),住家用,四層，陽臺
松山區,39470000,39470000,843058.0,46.82,57,公寓(5樓含以下無電梯),住家用,二層
松山區,16600000,16600000,658383.0,25.21,50,公寓(5樓含以下無電梯),住家用,四層，陽臺
松山區,46180000,46180000,1072666.0,43.05,3,住宅大樓(11層含以上有電梯),住家用,十二層
松山區,10660000,10660000,777405.0,13.71,18,住宅大樓(11層含以上有電梯),住家用,五層
松山區,37000000,37000000,1073218.0,34.48,34,華廈(10層含以下有電梯),商業用,一層
松山區,24100000,24100000,624664.0,38.58,51,公寓(5樓含以下無電梯),住家用,三層，陽臺
松山區,27000000,27000000,827829.0,32.62,53,公寓(5樓含以下無電梯),住家用,一層
松山區,20000000,20000000,402828.0,49.65,49,華廈(10層含以下有電梯),住家用,二層
松山區,18500000,18500000,727630.0,25.43,48,公寓(5樓含以下無電梯),住家用,二層
松山區,16500000,16500000,914123.0,18.05,57,公寓(5樓含以下無電梯),住家用,四層
松山區,20300000,20300000,648948.0,31.28,51,公寓(5樓含以下無電梯),住家用,二層，陽臺
松山區,21200000,21200000,697064.0,30.41,39,公寓(5樓含以下無電梯),商業用,一層，騎樓
松山區,28680000,28680000,801984.0,35.76,34,華廈(10層含以下有電梯),住家用,二層
松山區,40500000,40500000,949740.0,42.64,45,華廈(10層含以下有電梯),住家用,七層
松山區,20600000,20600000,730823.0,35.32,43,住宅大樓(11層含以上有電梯),商業用,三層
松山區,11400000,11400000,731484.0,15.58,43,住宅大樓(11層含以上有電梯),商業用,三層
松山區,33800000,33800000,1160293.0,29.13,54,公寓(5樓含以下無電梯),住家用,一層，平台
松山區,35530000,35530000,1267318.0,28.04,3,住宅大樓(11層含以上有電梯),住家用,十二層
松山區,11460000,11460000,1240892.0,9.24,22,華廈(10層含以下有電梯),辦公用,三層
松山區,4680000,4680000,436666.0,10.72,37,住宅大樓(11層含以上有電梯),商業用,二層
松山區,15700000,15700000,1698890.0,9.24,20,住宅大樓(11層含以上有電梯),辦公用,十層
松山區,38000000,38000000,1936197.0,19.63,47,華廈(10層含以下有電梯),商業用,一層
松山區,25180000,25180000,591699.0,42.56,14,華廈(10層含以下有電梯),住家用,五層，見其他登記事項
松山區,20650000,20650000,961611.0,21.47,46,住宅大樓(11層含以上有電梯),住家用,十一層，十二層
松山區,17750000,17750000,825286.0,21.51,42,住宅大樓(11層含以上有電梯),商業用,九層
松山區,33800000,33800000,677352.0,49.9,60,公寓(5樓含以下無電梯),住家用,三層
松山區,37000000,37000000,905832.0,40.85,47,華廈(10層含以下有電梯),住家用,四層
松山區,31300000,31300000,849660.0,36.84,46,公寓(5樓含以下無電梯),住家用,三層
松山區,22500000,22500000,925247.0,24.32,46,住宅大樓(11層含以上有電梯),住家用,十二層
松山區,40430000,40430000,1450225.0,37.84,8,住宅大樓(11層含以上有電梯),其他,十三層
松山區,25900000,25900000,714453.0,36.25,45,華廈(10層含以下有電梯),住商用,七層
松山區,17500000,17500000,872308.0,20.06,17,住宅大樓(11層含以上有電梯),住家用,十一層
松山區,15800000,15800000,765637.0,20.64,54,公寓(5樓含以下無電梯),住家用,四層
松山區,16780000,16780000,752357.0,22.3,54,公寓(5樓含以下無電梯),住家用,二層，陽臺
松山區,23600000,23600000,874235.0,26.99,51,公寓(5樓含以下無電梯),住家用,三層，陽臺
松山區,27250000,27250000,737236.0,36.96,56,公寓(5樓含以下無電梯),住家用,四層
松山區,47500000,47500000,741352.0,64.07,11,住宅大樓(11層含以上有電梯),住家用,一層
松山區,16320000,16320000,999826.0,16.32,28,華廈(10層含以下有電梯),住家用,六層
松山區,62900000,62900000,1450172.0,55.62,16,住宅大樓(11層含以上有電梯),住家用,九層
松山區,31580000,31580000,780189.0,40.48,42,住宅大樓(11層含以上有電梯),商業用,十一層
松山區,21600000,21600000,720830.0,29.97,53,公寓(5樓含以下無電梯),住家用,二層，陽臺
松山區,23500000,23500000,1135598.0,20.69,20,住宅大樓(11層含以上有電梯),辦公用,五層
松山區,44000000,44000000,723874.0,60.78,29,住宅大樓(11層含以上有電梯),住家用,十四層
松山區,32000000,32000000,790979.0,40.46,48,公寓(5樓含以下無電梯),住家用,二層
松山區,16500000,16500000,755084.0,48.39,9,住宅大樓(11層含以上有電梯),住家用,十一層
松山區,22800000,22800000,829452.0,27.49,56,公寓(5樓含以下無電梯),住家用,四層
松山區,21800000,21800000,973082.0,22.4,17,住宅大樓(11層含以上有電梯),住家用,十四層
松山區,21450000,21450000,773527.0,27.73,40,公寓(5樓含以下無電梯),住家用,五層
松山區,6000000,6000000,427751.0,14.03,34,華廈(10層含以下有電梯),住家用,五層
松山區,15850000,15850000,871105.0,18.2,45,住宅大樓(11層含以上有電梯),住家用,十一層
松山區,14800000,14800000,1111698.0,13.31,40,華廈(10層含以下有電梯),住家用,六層
松山區,15000000,15000000,1039125.0,14.44,17,住宅大樓(11層含以上有電梯),住家用,七層
松山區,36200000,36200000,1079760.0,33.53,46,華廈(10層含以下有電梯),住家用,四層
松山區,23890000,23890000,911115.0,26.22,36,住宅大樓(11層含以上有電梯),住家用,十九層
松山區,19500000,19500000,833286.0,23.4,43,住宅大樓(11層含以上有電梯),住家用,九層
松山區,43500000,43500000,1041367.0,41.77,43,華廈(10層含以下有電梯),住家用,七層
松山區,64080000,64080000,1433405.0,55.25,3,住宅大樓(11層含以上有電梯),住家用,八層
松山區,19800000,19800000,982510.0,20.15,13,住宅大樓(11層含以上有電梯),住家用,九層
松山區,24000000,24000000,761194.0,31.53,52,公寓(5樓含以下無電梯),住家用,三層，陽台
松山區,15000000,15000000,907356.0,16.53,24,華廈(10層含以下有電梯),住家用,六層
松山區,20000000,20000000,762671.0,26.22,54,公寓(5樓含以下無電梯),住家用,四層，陽台
松山區,12400000,12400000,1087030.0,11.41,37,住宅大樓(11層含以上有電梯),住家用,十一層
松山區,34300000,34300000,858163.0,39.97,24,住宅大樓(11層含以上有電梯),住家用,十三層
松山區,11580000,11580000,1297665.0,8.92,18,華廈(10層含以下有電梯),住家用,八層
松山區,12000000,12000000,285433.0,42.04,40,華廈(10層含以下有電梯),住家用,四層
松山區,15750000,15750000,939148.0,16.77,17,住宅大樓(11層含以上有電梯),住家用,八層
松山區,25000000,25000000,729888.0,34.25,36,華廈(10層含以下有電梯),商業用,一層
松山區,25800000,25800000,769762.0,33.52,41,公寓(5樓含以下無電梯),住家用,一層
松山區,25000000,25000000,466736.0,53.56,3,住宅大樓(11層含以上有電梯),住家用,十四層
松山區,17800000,17800000,655563.0,27.15,51,公寓(5樓含以下無電梯),住家用,二層，陽台
松山區,13000000,13000000,1006686.0,12.91,46,住宅大樓(11層含以上有電梯),住商用,七層
松山區,13700000,13700000,1067896.0,12.83,24,華廈(10層含以下有電梯),住家用,七層
松山區,19000000,19000000,578469.0,32.85,29,住宅大樓(11層含以上有電梯),商業用,九層
松山區,30000000,30000000,814771.0,36.82,34,華廈(10層含以下有電梯),住家用,一層
松山區,11000000,11000000,304173.0,36.16,48,公寓(5樓含以下無電梯),住家用,二層
松山區,33000000,33000000,728783.0,45.28,22,華廈(10層含以下有電梯),住家用,十層
松山區,13500000,13500000,666889.0,20.24,55,公寓(5樓含以下無電梯),住家用,四層，陽台
松山區,42080000,42080000,915485.0,45.96,52,華廈(10層含以下有電梯),住家用,三層
松山區,17000000,17000000,843951.0,20.14,25,華廈(10層含以下有電梯),住家用,七層
松山區,28000000,28000000,840711.0,33.31,53,公寓(5樓含以下無電梯),住家用,三層，陽台
松山區,23000000,23000000,649137.0,35.43,52,公寓(5樓含以下無電梯),住家用,三層，陽台
松山區,35200000,35200000,1006785.0,34.96,49,華廈(10層含以下有電梯),住家用,五層
松山區,22380000,22380000,815157.0,27.45,16,住宅大樓(11層含以上有電梯),住家用,六層
松山區,15000000,15000000,689570.0,21.75,59,公寓(5樓含以下無電梯),住家用,四層
松山區,22000000,22000000,602449.0,36.52,45,華廈(10層含以下有電梯),住家用,七層
松山區,19180000,19180000,951746.0,20.15,13,住宅大樓(11層含以上有電梯),住家用,八層
松山區,32000000,32000000,791276.0,40.44,45,華廈(10層含以下有電梯),住家用,二層
松山區,27900000,27900000,683553.0,40.82,52,公寓(5樓含以下無電梯),住家用,二層，陽台
松山區,33880000,33880000,827548.0,40.94,44,住宅大樓(11層含以上有電梯),住家用,十四層
松山區,24450000,24450000,887621.0,27.55,44,住宅大樓(11層含以上有電梯),商業用,六層
松山區,26500000,26500000,721554.0,36.73,52,公寓(5樓含以下無電梯),住家用,四層，陽台
松山區,15680000,15680000,892629.0,17.57,50,住宅大樓(11層含以上有電梯),住家用,十一層
松山區,63500000,63500000,1625634.0,39.06,41,華廈(10層含以下有電梯),商業用,一層
松山區,10200000,10200000,918778.0,11.1,36,住宅大樓(11層含以上有電梯),商業用,十一層
松山區,21600000,21600000,719812.0,30.01,51,公寓(5樓含以下無電梯),住家用,二層，陽台
松山區,38900000,38900000,770727.0,50.47,29,華廈(10層含以下有電梯),住家用,三層
松山區,35080000,35080000,786754.0,44.59,20,住宅大樓(11層含以上有電梯),住家用,一層
松山區,17100000,17100000,640122.0,26.71,52,公寓(5樓含以下無電梯),住家用,四層
松山區,25200000,25200000,895670.0,28.14,38,住宅大樓(11層含以上有電梯),住家用,九層
松山區,20800000,20800000,833362.0,24.96,54,公寓(5樓含以下無電梯),住家用,二層，陽台
松山區,18300000,18300000,584730.0,31.3,49,公寓(5樓含以下無電梯),住家用,二層
松山區,7500000,7500000,678532.0,11.05,60,公寓(5樓含以下無電梯),住家用,二層
松山區,28600000,28600000,889174.0,32.16,51,公寓(5樓含以下無電梯),住家用,四層，陽台
松山區,39980000,39980000,1034001.0,38.67,56,公寓(5樓含以下無電梯),住家用,四層
松山區,36580000,36580000,689111.0,58.8,44,住宅大樓(11層含以上有電梯),商業用,五層
松山區,65000000,65000000,962884.0,67.51,38,住宅大樓(11層含以上有電梯),住家用,十六層，十七層
松山區,20260000,20260000,865763.0,23.4,43,住宅大樓(11層含以上有電梯),住家用,十三層
松山區,20000000,20000000,513242.0,38.97,34,華廈(10層含以下有電梯),住家用,六層
松山區,26100000,26100000,933075.0,27.97,52,公寓(5樓含以下無電梯),住家用,二層，陽台
松山區,103808681,103808681,867931.0,119.6,48,住宅大樓(11層含以上有電梯),商業用,五層
松山區,29500000,29500000,590859.0,49.93,29,住宅大樓(11層含以上有電梯),其他,二層
松山區,13500000,13500000,486412.0,27.75,52,公寓(5樓含以下無電梯),住家用,二層
松山區,14800000,14800000,1029800.0,14.37,36,住宅大樓(11層含以上有電梯),住家用,十七層
松山區,38800000,38800000,906530.0,42.8,40,華廈(10層含以下有電梯),住家用,四層
松山區,35300000,35300000,844024.0,41.82,43,華廈(10層含以下有電梯),住家用,五層
松山區,36500000,36500000,872715.0,41.82,43,華廈(10層含以下有電梯),住家用,七層
松山區,11400000,11400000,680132.0,16.76,31,住宅大樓(11層含以上有電梯),商業用,十二層
松山區,101250000,101250000,719841.0,140.65,35,住宅大樓(11層含以上有電梯),商業用,十二層
松山區,14000000,14000000,305446.0,45.83,42,華廈(10層含以下有電梯),住家用,一層
松山區,14080000,14080000,1498089.0,9.4,18,住宅大樓(11層含以上有電梯),住家用,二層
松山區,28510000,28510000,1380320.0,20.65,5,華廈(10層含以下有電梯),住家用,七層
松山區,34000000,34000000,543979.0,62.5,38,住宅大樓(11層含以上有電梯),商業用,二層
松山區,32500000,32500000,585464.0,55.51,29,住宅大樓(11層含以上有電梯),其他,二層
松山區,22200000,22200000,804083.0,27.61,43,住宅大樓(11層含以上有電梯),住家用,十層
松山區,45500000,45500000,849819.0,57.58,37,住宅大樓(11層含以上有電梯),住家用,十四層
松山區,39950000,39950000,876936.0,45.56,47,華廈(10層含以下有電梯),住家用,五層
松山區,11800000,11800000,823309.0,14.33,37,住宅大樓(11層含以上有電梯),住家用,九層
松山區,28200000,28200000,739547.0,40.08,10,華廈(10層含以下有電梯),住家用,三層
松山區,13400000,13400000,923062.0,14.52,39,華廈(10層含以下有電梯),住家用,五層
松山區,7200000,7200000,995472.0,7.23,49,住宅大樓(11層含以上有電梯),住家用,十二層
松山區,31380000,31380000,800926.0,39.18,34,華廈(10層含以下有電梯),住家用,二層
松山區,30500000,30500000,683481.0,44.62,44,公寓(5樓含以下無電梯),住家用,三層
松山區,37500000,37500000,682601.0,54.94,44,住宅大樓(11層含以上有電梯),商業用,八層
松山區,20000000,20000000,745808.0,26.82,51,公寓(5樓含以下無電梯),住家用,一層，平台，騎樓
松山區,25280000,25280000,835706.0,30.25,58,公寓(5樓含以下無電梯),住家用,三層
松山區,41000000,41000000,682496.0,69.45,43,住宅大樓(11層含以上有電梯),住家用,十四層
松山區,48500000,48500000,1053595.0,54.96,3,住宅大樓(11層含以上有電梯),住家用,十二層
松山區,9050000,9050000,876060.0,10.33,18,住宅大樓(11層含以上有電梯),住家用,二層
松山區,42880000,42880000,734129.0,58.41,9,住宅大樓(11層含以上有電梯),住家用,二層
松山區,37000000,37000000,892873.0,41.44,48,公寓(5樓含以下無電梯),住家用,三層
松山區,28660000,28660000,1209559.0,27.23,19,華廈(10層含以下有電梯),住家用,二層
松山區,21400000,21400000,619312.0,34.55,43,住宅大樓(11層含以上有電梯),住家用,四層
松山區,21300000,21300000,662281.0,32.16,48,公寓(5樓含以下無電梯),住家用,四層
松山區,16600000,16600000,1035598.0,16.03,50,公寓(5樓含以下無電梯),住家用,四層，陽台
松山區,10500000,10500000,902989.0,11.63,17,住宅大樓(11層含以上有電梯),住家用,十層
松山區,22850000,22850000,1350330.0,16.92,18,住宅大樓(11層含以上有電梯),住家用,十四層
松山區,34600000,34600000,1131956.0,35.35,12,華廈(10層含以下有電梯),住家用,五層
松山區,24000000,24000000,767749.0,31.26,40,住宅大樓(11層含以上有電梯),住家用,八層
松山區,10550000,10550000,958665.0,11.0,30,住宅大樓(11層含以上有電梯),其他,二層
松山區,31880000,31880000,933637.0,34.15,34,華廈(10層含以下有電梯),住家用,六層
松山區,9500000,9500000,594793.0,15.97,31,住宅大樓(11層含以上有電梯),住家用,十層
松山區,26000000,26000000,633388.0,41.05,52,公寓(5樓含以下無電梯),住家用,二層
松山區,42000000,42000000,740592.0,61.72,36,住宅大樓(11層含以上有電梯),住家用,十一層
松山區,36880000,36880000,916745.0,40.23,36,華廈(10層含以下有電梯),住家用,九層
松山區,21700000,21700000,735828.0,29.49,42,住宅大樓(11層含以上有電梯),商業用,六層
松山區,43000000,43000000,840622.0,51.15,49,華廈(10層含以下有電梯),住家用,五層
松山區,16950000,16950000,987023.0,17.17,51,公寓(5樓含以下無電梯),住家用,一層，平台
松山區,20500000,20500000,902741.0,22.71,44,住宅大樓(11層含以上有電梯),住家用,十一層
松山區,14250000,14250000,1512770.0,9.42,20,住宅大樓(11層含以上有電梯),辦公用,六層
松山區,38550000,38550000,800093.0,48.18,42,住宅大樓(11層含以上有電梯),商業用,三層
松山區,27330000,27330000,799888.0,34.17,42,住宅大樓(11層含以上有電梯),商業用,三層
松山區,20000000,20000000,438319.0,45.63,39,華廈(10層含以下有電梯),住家用,四層
松山區,25080000,25080000,822883.0,34.8,18,華廈(10層含以下有電梯),住家用,四層
松山區,19380000,19380000,900189.0,21.53,16,住宅大樓(11層含以上有電梯),住家用,十三層
松山區,48280000,48280000,754344.0,64.0,35,華廈(10層含以下有電梯),商業用,地下一層
松山區,36800000,36800000,783647.0,46.96,49,華廈(10層含以下有電梯),住家用,四層
松山區,28500000,28500000,800605.0,35.6,47,住宅大樓(11層含以上有電梯),住家用,十五層
松山區,15400000,15400000,918279.0,16.77,17,住宅大樓(11層含以上有電梯),住家用,五層
松山區,39800000,39800000,872255.0,45.63,46,華廈(10層含以下有電梯),住家用,六層
松山區,20800000,20800000,945684.0,21.99,40,華廈(10層含以下有電梯),住家用,五層
松山區,33380000,33380000,702046.0,47.55,47,華廈(10層含以下有電梯),住家用,七層
松山區,34100000,34100000,984094.0,34.65,40,住宅大樓(11層含以上有電梯),住家用,十二層
松山區,28000000,28000000,1102458.0,25.4,54,公寓(5樓含以下無電梯),住家用,一層
松山區,16000000,16000000,1026646.0,15.58,43,住宅大樓(11層含以上有電梯),商業用,四層
松山區,27380000,27380000,788027.0,34.74,18,華廈(10層含以下有電梯),住家用,六層
松山區,27650000,27650000,719897.0,38.41,37,住宅大樓(11層含以上有電梯),商業用,二層
松山區,19680000,19680000,1197681.0,16.43,40,華廈(10層含以下有電梯),商業用,一層
松山區,43200000,43200000,756010.0,57.14,29,華廈(10層含以下有電梯),住家用,七層
松山區,11200000,11200000,610370.0,18.35,28,華廈(10層含以下有電梯),商業用,二層
松山區,61280000,61280000,1427236.0,53.41,16,住宅大樓(11層含以上有電梯),住家用,八層
松山區,13000000,13000000,892903.0,14.56,46,住宅大樓(11層含以上有電梯),住家用,十一層
松山區,12000000,12000000,428815.0,27.99,40,住宅大樓(11層含以上有電梯),住家用,五層
松山區,20800000,20800000,656803.0,31.67,53,公寓(5樓含以下無電梯),住家用,四層
松山區,20770000,20770000,1282194.0,16.2,3,住宅大樓(11層含以上有電梯),住家用,九層
松山區,39500000,39500000,823584.0,47.96,45,華廈(10層含以下有電梯),住家用,六層
松山區,33220000,33220000,816556.0,40.68,47,華廈(10層含以下有電梯),住家用,四層
松山區,19500000,19500000,476111.0,47.93,31,住宅大樓(11層含以上有電梯),商業用,十五層
松山區,44500000,44500000,764952.0,58.17,42,住宅大樓(11層含以上有電梯),商業用,十二層
松山區,38660000,38660000,721841.0,53.56,51,華廈(10層含以下有電梯),住家用,三層，陽台
松山區,44500000,44500000,853594.0,52.13,43,住宅大樓(11層含以上有電梯),住家用,十一層
松山區,18380000,18380000,855905.0,21.47,46,住宅大樓(11層含以上有電梯),住家用,三層，四層
松山區,16500000,16500000,937373.0,17.6,40,華廈(10層含以下有電梯),住家用,四層
松山區,29510000,29510000,622079.0,47.44,58,公寓(5樓含以下無電梯),住家用,三層
松山區,13500000,13500000,852662.0,15.83,43,住宅大樓(11層含以上有電梯),住商用,八層
松山區,52700000,52700000,863607.0,61.02,20,住宅大樓(11層含以上有電梯),住家用,十層
松山區,18000000,18000000,1070802.0,16.81,47,住宅大樓(11層含以上有電梯),住家用,十四層
松山區,21050000,21050000,1299480.0,16.2,3,住宅大樓(11層含以上有電梯),住家用,十一層
松山區,15350000,15350000,654172.0,23.46,47,公寓(5樓含以下無電梯),住家用,五層
松山區,28400000,28400000,733762.0,38.7,47,住宅大樓(11層含以上有電梯),住家用,十五層
松山區,13450000,13450000,847885.0,15.86,43,住宅大樓(11層含以上有電梯),商業用,三層
松山區,20000000,20000000,697868.0,28.66,33,住宅大樓(11層含以上有電梯),辦公用,十層
松山區,30180000,30180000,815508.0,37.01,48,華廈(10層含以下有電梯),住家用,七層
松山區,22000000,22000000,674654.0,32.61,40,住宅大樓(11層含以上有電梯),商業用,二層
松山區,11700000,11700000,906017.0,12.91,46,住宅大樓(11層含以上有電梯),住家用,十二層
松山區,28500000,28500000,750539.0,37.97,40,公寓(5樓含以下無電梯),住家用,四層
松山區,28580000,28580000,735193.0,38.88,45,華廈(10層含以下有電梯),住家用,七層
松山區,20900000,20900000,859237.0,24.32,57,公寓(5樓含以下無電梯),住家用,二層
松山區,12299000,12299000,699914.0,17.57,47,公寓(5樓含以下無電梯),住家用,二層
松山區,23500000,23500000,809316.0,29.04,45,住宅大樓(11層含以上有電梯),住家用,七層
松山區,14100000,14100000,1296211.0,10.88,10,華廈(10層含以下有電梯),住家用,六層
松山區,21300000,21300000,1287503.0,16.54,3,住宅大樓(11層含以上有電梯),住家用,九層
松山區,23500000,23500000,1126379.0,20.86,16,華廈(10層含以下有電梯),住家用,七層
松山區,21250000,21250000,754628.0,28.16,56,公寓(5樓含以下無電梯),住商用,一層，騎樓
松山區,10000000,10000000,698162.0,14.32,29,華廈(10層含以下有電梯),住家用,三層
松山區,29000000,29000000,797504.0,36.36,52,公寓(5樓含以下無電梯),住家用,四層，陽臺
松山區,44800000,44800000,1254340.0,35.72,40,住宅大樓(11層含以上有電梯),商業用,一層，騎樓
松山區,37880000,37880000,819957.0,46.2,43,華廈(10層含以下有電梯),住家用,三層
松山區,16880000,16880000,1200815.0,14.06,20,住宅大樓(11層含以上有電梯),辦公用,七層
松山區,16100000,16100000,842675.0,19.11,58,公寓(5樓含以下無電梯),住家用,二層
松山區,23000000,23000000,754526.0,30.48,42,住宅大樓(11層含以上有電梯),商業用,七層
松山區,16150000,16150000,517080.0,31.23,55,公寓(5樓含以下無電梯),住家用,四層
松山區,35530000,35530000,1267318.0,28.04,3,住宅大樓(11層含以上有電梯),住家用,十一層
松山區,50000000,50000000,719279.0,69.51,44,住宅大樓(11層含以上有電梯),商業用,十二層
松山區,50500000,50500000,750711.0,67.27,20,住宅大樓(11層含以上有電梯),住家用,二層
松山區,27700000,27700000,824291.0,33.6,51,住宅大樓(11層含以上有電梯),住家用,一層
松山區,30000000,30000000,491619.0,61.02,20,住宅大樓(11層含以上有電梯),住家用,六層
松山區,34000000,34000000,805081.0,42.23,34,華廈(10層含以下有電梯),住家用,七層
松山區,30000000,30000000,765703.0,39.18,34,華廈(10層含以下有電梯),住家用,三層
松山區,33000000,33000000,792701.0,41.63,42,華廈(10層含以下有電梯),住家用,三層
松山區,10300000,10300000,904857.0,11.38,18,住宅大樓(11層含以上有電梯),住家用,十四層
松山區,17000000,17000000,829868.0,20.49,30,住宅大樓(11層含以上有電梯),其他,二層
松山區,29800000,29800000,893379.0,33.36,34,華廈(10層含以下有電梯),住家用,一層
松山區,30000000,30000000,986904.0,30.4,58,公寓(5樓含以下無電梯),住家用,二層
松山區,49500000,49500000,1072038.0,53.36,3,住宅大樓(11層含以上有電梯),住家用,十一層
松山區,103000000,103000000,1078104.0,95.54,21,華廈(10層含以下有電梯),住家用,五層
松山區,27000000,27000000,790093.0,34.17,34,華廈(10層含以下有電梯),住家用,一層
松山區,10000000,10000000,337397.0,29.64,17,住宅大樓(11層含以上有電梯),住家用,四層
松山區,32000000,32000000,867594.0,36.88,60,華廈(10層含以下有電梯),住家用,二層
松山區,168000000,168000000,1921106.0,107.46,6,住宅大樓(11層含以上有電梯),住家用,十三層
松山區,33300000,33300000,593599.0,56.1,45,華廈(10層含以下有電梯),住家用,四層
松山區,112100000,112100000,824979.0,135.88,44,住宅大樓(11層含以上有電梯),商業用,六層
松山區,21010000,21010000,654862.0,32.08,54,公寓(5樓含以下無電梯),住家用,三層
松山區,30000000,30000000,672595.0,44.6,3,住宅大樓(11層含以上有電梯),住家用,三層
松山區,20260000,20260000,700727.0,28.91,54,公寓(5樓含以下無電梯),住家用,四層，陽台
松山區,53000000,53000000,855296.0,61.97,49,華廈(10層含以下有電梯),住家用,五層
松山區,24050000,24050000,1302614.0,20.63,3,住宅大樓(11層含以上有電梯),住家用,十二層
松山區,26500000,26500000,785048.0,33.76,51,公寓(5樓含以下無電梯),住家用,四層，陽台
松山區,6760000,6760000,834473.0,8.1,43,住宅大樓(11層含以上有電梯),住家用,八層
松山區,62000000,62000000,609365.0,101.75,33,住宅大樓(11層含以上有電梯),商業用,十層
松山區,21410000,21410000,860305.0,24.89,3,住宅大樓(11層含以上有電梯),住家用,十四層
松山區,7520000,7520000,686539.0,10.95,33,華廈(10層含以下有電梯),住家用,二層
松山區,19280000,19280000,990765.0,19.46,49,住宅大樓(11層含以上有電梯),住家用,十二層
松山區,92280000,92280000,1873023.0,49.27,41,住宅大樓(11層含以上有電梯),商業用,一層
松山區,40000000,40000000,575421.0,69.51,44,住宅大樓(11層含以上有電梯),商業用,十二層
松山區,15400000,15400000,988147.0,15.58,43,住宅大樓(11層含以上有電梯),商業用,四層
松山區,25000000,25000000,736783.0,33.93,52,公寓(5樓含以下無電梯),住家用,一層，平台
松山區,24300000,24300000,700053.0,34.71,28,華廈(10層含以下有電梯),住家用,五層
松山區,24160000,24160000,717464.0,33.67,42,華廈(10層含以下有電梯),住家用,四層
松山區,39500000,39500000,841577.0,46.94,45,華廈(10層含以下有電梯),住家用,一層
松山區,11000000,11000000,527394.0,20.86,34,公寓(5樓含以下無電梯),商業用,二層
松山區,15200000,15200000,903419.0,16.82,17,住宅大樓(11層含以上有電梯),住家用,五層
松山區,43500000,43500000,1059836.0,49.99,3,住宅大樓(11層含以上有電梯),住家用,九層
松山區,24000000,24000000,590981.0,40.61,40,公寓(5樓含以下無電梯),住家用,四層
松山區,14000000,14000000,1438198.0,9.73,20,住宅大樓(11層含以上有電梯),辦公用,十二層
松山區,120000000,120000000,1172157.0,122.58,15,華廈(10層含以下有電梯),住家用,四層，見其他登記事項
松山區,28800000,28800000,840533.0,34.26,34,華廈(10層含以下有電梯),住家用,三層
松山區,46000000,46000000,985591.0,46.67,49,住宅大樓(11層含以上有電梯),住家用,五層
松山區,46950000,46950000,1025512.0,53.04,3,住宅大樓(11層含以上有電梯),住家用,七層
松山區,54320000,54320000,798840.0,68.0,22,住宅大樓(11層含以上有電梯),住家用,十三層
松山區,18800000,18800000,873247.0,21.53,16,住宅大樓(11層含以上有電梯),住家用,十層
松山區,21500000,21500000,589441.0,36.48,61,公寓(5樓含以下無電梯),住家用,三層
松山區,33100000,33100000,665342.0,49.75,34,華廈(10層含以下有電梯),住家用,六層
松山區,50160000,50160000,1087711.0,54.94,3,住宅大樓(11層含以上有電梯),住家用,十五層
松山區,48560000,48560000,1090101.0,53.56,3,住宅大樓(11層含以上有電梯),住家用,十五層
松山區,44500000,44500000,1060084.0,41.98,3,住宅大樓(11層含以上有電梯),住家用,十一層
松山區,161000000,161000000,1791122.0,109.4,6,住宅大樓(11層含以上有電梯),住家用,七層
松山區,38110000,38110000,997469.0,54.62,3,住宅大樓(11層含以上有電梯),住家用,一層
松山區,56500000,56500000,1160313.0,59.01,3,住宅大樓(11層含以上有電梯),住家用,三層
松山區,83000000,83000000,1390393.0,80.61,3,住宅大樓(11層含以上有電梯),住家用,十一層
松山區,37000000,37000000,824367.0,52.52,3,住宅大樓(11層含以上有電梯),住家用,二層
松山區,67110000,67110000,1100157.0,81.12,3,住宅大樓(11層含以上有電梯),住家用,二層
松山區,47500000,47500000,796704.0,66.97,3,住宅大樓(11層含以上有電梯),住家用,二層
松山區,53820000,53820000,867921.0,70.6,3,住宅大樓(11層含以上有電梯),住家用,六層
松山區,46750000,46750000,923495.0,59.5,3,住宅大樓(11層含以上有電梯),住家用,十二層
松山區,45550000,45550000,900540.0,57.9,3,住宅大樓(11層含以上有電梯),住家用,十一層
松山區,53900000,53900000,864196.0,69.0,3,住宅大樓(11層含以上有電梯),住家用,七層
松山區,44100000,44100000,859842.0,57.9,3,住宅大樓(11層含以上有電梯),住家用,七層
松山區,55700000,55700000,889614.0,70.6,3,住宅大樓(11層含以上有電梯),住家用,十層
松山區,45400000,45400000,884887.0,57.9,3,住宅大樓(11層含以上有電梯),住家用,十層
松山區,41700000,41700000,826450.0,57.9,3,住宅大樓(11層含以上有電梯),住家用,四層
松山區,57700000,57700000,881141.0,83.8,3,住宅大樓(11層含以上有電梯),住家用,九層
松山區,50690000,50690000,826748.0,69.0,3,住宅大樓(11層含以上有電梯),住家用,四層
松山區,51970000,51970000,836576.0,70.6,3,住宅大樓(11層含以上有電梯),住家用,三層
松山區,54900000,54900000,884530.0,70.6,3,住宅大樓(11層含以上有電梯),住家用,十一層
松山區,58000000,58000000,931974.0,70.6,3,住宅大樓(11層含以上有電梯),住家用,十二層
松山區,47700000,47700000,885564.0,89.75,3,住宅大樓(11層含以上有電梯),住家用,五層
松山區,42800000,42800000,851495.0,57.9,3,住宅大樓(11層含以上有電梯),住家用,三層
松山區,53680000,53680000,875716.0,69.0,3,住宅大樓(11層含以上有電梯),住家用,五層
松山區,46980000,46980000,876539.0,69.55,3,住宅大樓(11層含以上有電梯),住家用,五層
松山區,57900000,57900000,888764.0,78.99,3,住宅大樓(11層含以上有電梯),住家用,八層
松山區,32800000,32800000,655444.0,50.04,47,華廈(10層含以下有電梯),住家用,六層
松山區,19200000,19200000,770939.0,24.9,44,住宅大樓(11層含以上有電梯),住家用,十層
松山區,27780000,27780000,1344978.0,20.65,5,華廈(10層含以下有電梯),住家用,三層
松山區,30800000,30800000,801785.0,38.41,43,住宅大樓(11層含以上有電梯),住家用,十層
松山區,30200000,30200000,830298.0,36.37,47,住宅大樓(11層含以上有電梯),住家用,四層
松山區,6700000,6700000,1308260.0,5.12,49,公寓(5樓含以下無電梯),商業用,一層，騎樓
松山區,16625000,16625000,745408.0,22.3,54,公寓(5樓含以下無電梯),住家用,三層，陽臺
松山區,850000,850000,87838.0,9.68,43,住宅大樓(11層含以上有電梯),住家用,十一層
松山區,6000000,6000000,354636.0,16.92,44,住宅大樓(11層含以上有電梯),住家用,八層
松山區,21000000,21000000,823997.0,25.49,57,公寓(5樓含以下無電梯),住家用,三層
松山區,36080000,36080000,1003985.0,35.94,40,公寓(5樓含以下無電梯),住家用,一層
松山區,13000000,13000000,607513.0,21.4,48,住宅大樓(11層含以上有電梯),商業用,十層
松山區,18700000,18700000,603226.0,31.0,50,公寓(5樓含以下無電梯),住家用,二層，陽臺
松山區,34800000,34800000,881885.0,39.46,50,華廈(10層含以下有電梯),住家用,四層，陽臺
松山區,7500000,7500000,840457.0,8.92,37,住宅大樓(11層含以上有電梯),住家用,十八層
松山區,43000000,43000000,1185962.0,36.26,41,華廈(10層含以下有電梯),住家用,一層
松山區,18500000,18500000,857746.0,21.57,57,公寓(5樓含以下無電梯),住家用,三層
松山區,16500000,16500000,728248.0,22.66,53,公寓(5樓含以下無電梯),住家用,四層，陽臺
松山區,14880000,14880000,1030811.0,14.44,13,住宅大樓(11層含以上有電梯),住家用,四層
松山區,18490000,18490000,919852.0,20.1,9,住宅大樓(11層含以上有電梯),住家用,五層
松山區,21500000,21500000,676644.0,31.77,47,公寓(5樓含以下無電梯),住家用,五層
松山區,57000000,57000000,871194.0,65.43,17,華廈(10層含以下有電梯),住家用,三層
松山區,19450000,19450000,982097.0,19.8,17,住宅大樓(11層含以上有電梯),住家用,六層
松山區,16300000,16300000,600317.0,27.15,51,公寓(5樓含以下無電梯),住家用,三層，陽臺
松山區,25000000,25000000,718403.0,34.8,53,公寓(5樓含以下無電梯),住家用,四層
松山區,23500000,23500000,1352948.0,17.37,18,住宅大樓(11層含以上有電梯),住家用,六層
松山區,11380000,11380000,1189377.0,9.57,18,華廈(10層含以下有電梯),住家用,七層
松山區,23700000,23700000,943832.0,25.11,33,住宅大樓(11層含以上有電梯),住家用,五層
松山區,15600000,15600000,867022.0,17.99,59,公寓(5樓含以下無電梯),住家用,一層
松山區,23800000,23800000,1144742.0,20.79,16,華廈(10層含以下有電梯),住家用,七層
松山區,16800000,16800000,555708.0,30.23,46,公寓(5樓含以下無電梯),住家用,四層
松山區,15100000,15100000,1102907.0,13.69,17,住宅大樓(11層含以上有電梯),住家用,十二層
松山區,19500000,19500000,802080.0,24.31,52,公寓(5樓含以下無電梯),住家用,三層，陽臺
松山區,15000000,15000000,353033.0,42.49,46,華廈(10層含以下有電梯),住家用,一層
松山區,28000000,28000000,574707.0,48.72,35,華廈(10層含以下有電梯),辦公用,二層
松山區,17380000,17380000,1035968.0,16.78,17,住宅大樓(11層含以上有電梯),住家用,十八層
松山區,31050000,31050000,853029.0,36.4,24,住宅大樓(11層含以上有電梯),住家用,五層
松山區,19500000,19500000,710258.0,27.45,16,住宅大樓(11層含以上有電梯),住家用,八層
松山區,10000000,10000000,1173519.0,8.52,56,華廈(10層含以下有電梯),住家用,三層
松山區,33000000,33000000,825637.0,39.97,24,住宅大樓(11層含以上有電梯),住家用,十五層
松山區,12800000,12800000,821316.0,15.58,43,住宅大樓(11層含以上有電梯),商業用,六層
松山區,17000000,17000000,796804.0,21.34,37,住宅大樓(11層含以上有電梯),商業用,五層
松山區,37500000,37500000,777663.0,48.22,51,住宅大樓(11層含以上有電梯),住家用,十二層，陽臺
松山區,40000000,40000000,949191.0,42.14,47,華廈(10層含以下有電梯),住家用,二層
松山區,2800000,2800000,554267.0,5.05,45,華廈(10層含以下有電梯),住家用,三層
松山區,16650000,16650000,950302.0,17.52,13,住宅大樓(11層含以上有電梯),住家用,十三層
松山區,23000000,23000000,801703.0,28.69,56,公寓(5樓含以下無電梯),住家用,二層
松山區,31160000,31160000,919720.0,33.88,45,華廈(10層含以下有電梯),住家用,五層
松山區,22350000,22350000,599956.0,37.25,43,住宅大樓(11層含以上有電梯),住家用,十五層
松山區,15000000,15000000,598155.0,25.08,53,華廈(10層含以下有電梯),住家用,四層，陽臺
松山區,29680000,29680000,1039915.0,28.54,29,住宅大樓(11層含以上有電梯),其他,十一層
松山區,43780000,43780000,909379.0,48.14,25,住宅大樓(11層含以上有電梯),住家用,六層
松山區,28200000,28200000,729964.0,38.63,48,公寓(5樓含以下無電梯),住家用,二層
松山區,15000000,15000000,387549.0,38.7,43,住宅大樓(11層含以上有電梯),住家用,七層
松山區,23200000,23200000,702010.0,33.05,40,公寓(5樓含以下無電梯),住家用,二層
松山區,14000000,14000000,718096.0,19.5,44,住宅大樓(11層含以上有電梯),商業用,五層
松山區,14000000,14000000,718096.0,19.5,44,住宅大樓(11層含以上有電梯),商業用,五層
松山區,12500000,12500000,421185.0,29.68,47,華廈(10層含以下有電梯),住家用,五層
松山區,20500000,20500000,886100.0,23.14,49,華廈(10層含以下有電梯),住家用,七層
松山區,48680000,48680000,883144.0,55.12,46,華廈(10層含以下有電梯),住家用,三層
松山區,15000000,15000000,894427.0,16.77,17,住宅大樓(11層含以上有電梯),住家用,六層
松山區,32000000,32000000,1155622.0,27.69,29,華廈(10層含以下有電梯),住家用,一層
松山區,175880000,175880000,1993179.0,108.26,6,住宅大樓(11層含以上有電梯),住家用,七層
松山區,33500000,33500000,640142.0,52.33,37,住宅大樓(11層含以上有電梯),住家用,八層
松山區,51200000,51200000,757098.0,67.63,22,住宅大樓(11層含以上有電梯),住家用,三層
松山區,21500000,21500000,603504.0,35.63,48,公寓(5樓含以下無電梯),住家用,二層
松山區,14600000,14600000,725676.0,20.12,31,華廈(10層含以下有電梯),住家用,四層
松山區,44700000,44700000,748238.0,59.74,32,華廈(10層含以下有電梯),住家用,六層，電梯樓梯間
松山區,36000000,36000000,1145086.0,31.44,54,公寓(5樓含以下無電梯),住家用,一層
松山區,28600000,28600000,879987.0,32.5,45,華廈(10層含以下有電梯),住家用,五層
松山區,23230000,23230000,1021129.0,23.93,16,華廈(10層含以下有電梯),住家用,四層
松山區,34100000,34100000,866470.0,39.36,45,華廈(10層含以下有電梯),住家用,五層
松山區,23300000,23300000,931717.0,25.01,43,華廈(10層含以下有電梯),住家用,四層
松山區,9800000,9800000,450769.0,21.74,49,華廈(10層含以下有電梯),住家用,四層
松山區,6970000,6970000,1109896.0,6.28,13,住宅大樓(11層含以上有電梯),住家用,十三層
松山區,22000000,22000000,803531.0,27.38,51,公寓(5樓含以下無電梯),住家用,一層，平台
松山區,34880000,34880000,944282.0,36.94,47,公寓(5樓含以下無電梯),住家用,二層
松山區,37880000,37880000,759071.0,49.9,45,住宅大樓(11層含以上有電梯),商業用,七層
松山區,18600000,18600000,666535.0,27.91,51,公寓(5樓含以下無電梯),住家用,四層，陽臺
松山區,66500000,66500000,998028.0,66.63,38,住宅大樓(11層含以上有電梯),住家用,九層，十層
松山區,21000000,21000000,520052.0,40.38,36,華廈(10層含以下有電梯),商業用,七層
松山區,20000000,20000000,619120.0,32.3,44,華廈(10層含以下有電梯),住家用,二層
松山區,32500000,32500000,701937.0,46.3,33,華廈(10層含以下有電梯),商業用,五層
松山區,38800000,38800000,671157.0,57.81,44,住宅大樓(11層含以上有電梯),商業用,五層
松山區,25800000,25800000,1056481.0,24.42,17,住宅大樓(11層含以上有電梯),住家用,六層
松山區,14400000,14400000,1503111.0,9.58,20,住宅大樓(11層含以上有電梯),辦公用,五層
松山區,56000000,56000000,875171.0,63.99,17,住宅大樓(11層含以上有電梯),住家用,五層
松山區,9500000,9500000,898573.0,10.57,48,公寓(5樓含以下無電梯),住家用,三層
松山區,22000000,22000000,869739.0,25.29,52,公寓(5樓含以下無電梯),住家用,四層，陽臺
松山區,49500000,49500000,730066.0,67.8,22,住宅大樓(11層含以上有電梯),住家用,三層
松山區,31880000,31880000,870549.0,36.62,47,住宅大樓(11層含以上有電梯),住家用,七層
松山區,23000000,23000000,816685.0,28.16,54,公寓(5樓含以下無電梯),住家用,四層
松山區,25000000,25000000,658945.0,37.94,20,住宅大樓(11層含以上有電梯),辦公用,二層，三層
松山區,18500000,18500000,899769.0,20.56,47,華廈(10層含以下有電梯),住家用,四層
松山區,13400000,13400000,1274756.0,10.51,20,住宅大樓(11層含以上有電梯),辦公用,十三層
松山區,38200000,38200000,762754.0,50.08,48,華廈(10層含以下有電梯),住商用,一層
松山區,123000000,123000000,1724547.0,71.32,5,住宅大樓(11層含以上有電梯),住家用,十三層
松山區,9700000,9700000,1019919.0,9.51,18,華廈(10層含以下有電梯),住家用,二層
松山區,9800000,9800000,760311.0,12.89,27,華廈(10層含以下有電梯),辦公用,四層
松山區,10080000,10080000,853766.0,11.81,31,華廈(10層含以下有電梯),住家用,六層
松山區,60400000,60400000,1398142.0,55.48,16,住宅大樓(11層含以上有電梯),住家用,七層
松山區,9880000,9880000,1038844.0,9.51,18,華廈(10層含以下有電梯),住家用,二層
松山區,10700000,10700000,789554.0,13.55,40,住宅大樓(11層含以上有電梯),住家用,八層
松山區,22380000,22380000,663058.0,33.75,55,住宅大樓(11層含以上有電梯),住家用,八層，露台
松山區,18300000,18300000,850024.0,21.53,16,住宅大樓(11層含以上有電梯),住家用,三層
松山區,14500000,14500000,823752.0,17.6,44,華廈(10層含以下有電梯),住家用,二層
松山區,30100000,30100000,749788.0,40.14,44,公寓(5樓含以下無電梯),住家用,二層
松山區,33500000,33500000,1061073.0,31.57,50,華廈(10層含以下有電梯),住家用,五層，陽臺
松山區,14380000,14380000,963270.0,14.93,23,華廈(10層含以下有電梯),住家用,五層
松山區,18400000,18400000,797415.0,23.07,56,公寓(5樓含以下無電梯),住家用,三層
松山區,40280000,40280000,833068.0,48.35,25,住宅大樓(11層含以上有電梯),住家用,九層
松山區,17800000,17800000,664370.0,26.79,51,公寓(5樓含以下無電梯),住家用,四層
松山區,78000000,78000000,1096964.0,71.11,41,住宅大樓(11層含以上有電梯),商業用,九層
松山區,53500000,53500000,855554.0,62.53,22,住宅大樓(11層含以上有電梯),住家用,七層
松山區,5000000,5000000,235690.0,21.21,58,公寓(5樓含以下無電梯),住家用,四層
松山區,42000000,42000000,790037.0,60.04,32,住宅大樓(11層含以上有電梯),商業用,七層
松山區,31800000,31800000,879333.0,36.16,56,公寓(5樓含以下無電梯),住家用,二層
松山區,13780000,13780000,707851.0,20.91,34,住宅大樓(11層含以上有電梯),商業用,三層
松山區,22850000,22850000,618552.0,36.94,41,華廈(10層含以下有電梯),住家用,七層
松山區,26000000,26000000,582875.0,44.61,54,公寓(5樓含以下無電梯),住家用,三層，陽臺
松山區,11880000,11880000,793713.0,14.97,42,住宅大樓(11層含以上有電梯),住家用,十二層
松山區,41980000,41980000,780833.0,53.76,46,華廈(10層含以下有電梯),住商用,二層
松山區,13000000,13000000,690922.0,18.82,45,住宅大樓(11層含以上有電梯),住家用,十一層
松山區,22000000,22000000,795445.0,27.66,47,華廈(10層含以下有電梯),住家用,七層
松山區,18000000,18000000,523530.0,34.38,31,住宅大樓(11層含以上有電梯),住家用,九層
松山區,10000000,10000000,619761.0,16.14,53,公寓(5樓含以下無電梯),住家用,四層
松山區,21600000,21600000,1621006.0,13.33,20,住宅大樓(11層含以上有電梯),辦公用,八層
松山區,25600000,25600000,868966.0,29.46,54,公寓(5樓含以下無電梯),住家用,二層，陽臺
松山區,13400000,13400000,974861.0,13.75,17,住宅大樓(11層含以上有電梯),住家用,十五層
松山區,25200000,25200000,748146.0,33.68,54,公寓(5樓含以下無電梯),住家用,三層
松山區,195800000,195800000,1851701.0,121.89,8,住宅大樓(11層含以上有電梯),住家用,八層
松山區,29300000,29300000,896186.0,32.69,24,住宅大樓(11層含以上有電梯),住家用,七層
松山區,10000000,10000000,437390.0,22.86,47,公寓(5樓含以下無電梯),住家用,五層
松山區,16000000,16000000,998166.0,16.03,50,公寓(5樓含以下無電梯),住家用,四層，陽臺
松山區,8000000,8000000,532978.0,15.01,55,公寓(5樓含以下無電梯),住家用,二層
松山區,20000000,20000000,431172.0,46.39,39,透天厝,其他,全
松山區,9000000,9000000,851280.0,10.57,48,公寓(5樓含以下無電梯),住家用,三層
松山區,30000000,30000000,686469.0,43.7,24,住宅大樓(11層含以上有電梯),住家用,十層
松山區,21950000,21950000,693911.0,31.63,45,公寓(5樓含以下無電梯),住家用,五層
松山區,20700000,20700000,900632.0,22.98,59,公寓(5樓含以下無電梯),住家用,四層
松山區,26000000,26000000,743197.0,34.98,37,住宅大樓(11層含以上有電梯),商業用,六層
松山區,31800000,31800000,607550.0,52.34,29,華廈(10層含以下有電梯),住家用,三層
松山區,15200000,15200000,863075.0,17.61,48,住宅大樓(11層含以上有電梯),住家用,十一層
松山區,19200000,19200000,820467.0,23.4,43,住宅大樓(11層含以上有電梯),住家用,十一層
松山區,21000000,21000000,427817.0,49.09,56,公寓(5樓含以下無電梯),住家用,一層
松山區,14000000,14000000,616836.0,22.7,55,公寓(5樓含以下無電梯),住家用,四層，陽臺
松山區,35600000,35600000,752906.0,47.28,20,住宅大樓(11層含以上有電梯),住家用,二層
松山區,12500000,12500000,458832.0,27.24,51,公寓(5樓含以下無電梯),住家用,三層，陽臺
松山區,15880000,15880000,910156.0,22.34,9,住宅大樓(11層含以上有電梯),住家用,九層
松山區,28500000,28500000,870510.0,32.74,47,公寓(5樓含以下無電梯),住家用,四層
松山區,49880000,49880000,713640.0,69.9,31,華廈(10層含以下有電梯),商業用,八層
松山區,33000000,33000000,767385.0,43.0,46,華廈(10層含以下有電梯),住家用,五層
松山區,30580000,30580000,760770.0,40.2,46,住宅大樓(11層含以上有電梯),住家用,九層
松山區,27500000,27500000,831971.0,33.05,41,住宅大樓(11層含以上有電梯),住家用,七層
松山區,29500000,29500000,780106.0,37.82,56,公寓(5樓含以下無電梯),住家用,二層
松山區,39560000,39560000,908619.0,43.54,49,華廈(10層含以下有電梯),住家用,三層
松山區,24500000,24500000,789782.0,31.02,37,公寓(5樓含以下無電梯),住家用,四層
松山區,9300000,9300000,813118.0,11.44,37,住宅大樓(11層含以上有電梯),住家用,十四層
松山區,16630000,16630000,463890.0,35.85,51,公寓(5樓含以下無電梯),住家用,三層，陽臺
松山區,38300000,38300000,822265.0,46.58,40,華廈(10層含以下有電梯),住家用,五層
松山區,39100000,39100000,899677.0,43.46,42,華廈(10層含以下有電梯),住家用,六層
松山區,12000000,12000000,1300217.0,9.23,10,華廈(10層含以下有電梯),住家用,五層
松山區,28000000,28000000,739197.0,37.88,50,公寓(5樓含以下無電梯),住家用,五層，陽臺
松山區,15150000,15150000,720512.0,21.03,51,公寓(5樓含以下無電梯),住家用,四層
松山區,31900000,31900000,748757.0,42.6,43,華廈(10層含以下有電梯),住家用,三層
松山區,24000000,24000000,555374.0,47.78,43,住宅大樓(11層含以上有電梯),商業用,三層
松山區,28800000,28800000,743805.0,38.72,51,公寓(5樓含以下無電梯),住家用,四層，陽臺
松山區,21000000,21000000,448547.0,46.82,57,公寓(5樓含以下無電梯),住家用,四層
松山區,27380000,27380000,683735.0,40.04,51,公寓(5樓含以下無電梯),住家用,三層，陽臺
松山區,28820000,28820000,818427.0,35.21,53,公寓(5樓含以下無電梯),住家用,一層，平台
松山區,11340000,11340000,682836.0,16.61,48,華廈(10層含以下有電梯),住家用,五層
松山區,16420000,16420000,518743.0,31.65,54,公寓(5樓含以下無電梯),住家用,一層
松山區,185000000,185000000,1754557.0,121.89,8,住宅大樓(11層含以上有電梯),住家用,六層
松山區,45900000,45900000,1461392.0,31.41,41,住宅大樓(11層含以上有電梯),住家用,一層
松山區,38220000,38220000,995413.0,38.4,37,住宅大樓(11層含以上有電梯),住家用,六層
松山區,45000000,45000000,843746.0,53.33,5,住宅大樓(11層含以上有電梯),住家用,五層
松山區,12080000,12080000,829541.0,14.56,18,住宅大樓(11層含以上有電梯),住家用,四層
松山區,11800000,11800000,1162696.0,10.15,49,華廈(10層含以下有電梯),住商用,一層
松山區,32500000,32500000,759336.0,42.8,43,華廈(10層含以下有電梯),住家用,五層
松山區,13700000,13700000,809752.0,16.92,56,公寓(5樓含以下無電梯),住家用,二層
松山區,16550000,16550000,1554288.0,10.65,20,住宅大樓(11層含以上有電梯),辦公用,十一層
松山區,9580000,9580000,615659.0,15.56,31,住宅大樓(11層含以上有電梯),住家用,六層
松山區,27000000,27000000,728863.0,37.04,56,公寓(5樓含以下無電梯),住家用,四層
松山區,14500000,14500000,577103.0,25.13,47,公寓(5樓含以下無電梯),住家用,五層
松山區,15000000,15000000,526511.0,28.49,52,公寓(5樓含以下無電梯),住家用,三層
松山區,31800000,31800000,808152.0,39.35,47,華廈(10層含以下有電梯),住家用,五層
松山區,39800000,39800000,915912.0,43.45,56,公寓(5樓含以下無電梯),住家用,二層
松山區,37000000,37000000,899373.0,41.14,34,華廈(10層含以下有電梯),住家用,六層
松山區,15660000,15660000,1079866.0,14.5,37,住宅大樓(11層含以上有電梯),辦公用,三層
松山區,56000000,56000000,876787.0,63.87,17,住宅大樓(11層含以上有電梯),住家用,十層
松山區,26500000,26500000,773544.0,34.26,46,華廈(10層含以下有電梯),住家用,四層
松山區,41820000,41820000,814807.0,51.32,31,住宅大樓(11層含以上有電梯),其他,一層
松山區,20705000,20705000,920847.0,22.48,43,住宅大樓(11層含以上有電梯),辦公用,七層
松山區,48800000,48800000,1015823.0,48.04,52,華廈(10層含以下有電梯),住家用,六層，陽臺
松山區,63730000,63730000,1450010.0,68.44,16,住宅大樓(11層含以上有電梯),住家用,十二層
松山區,42000000,42000000,1309844.0,32.06,57,公寓(5樓含以下無電梯),住家用,一層
松山區,30800000,30800000,756509.0,40.71,44,住宅大樓(11層含以上有電梯),商業用,四層
松山區,32500000,32500000,1029400.0,31.57,52,公寓(5樓含以下無電梯),住家用,四層，陽臺
松山區,35260000,35260000,730387.0,48.28,49,華廈(10層含以下有電梯),住商用,一層
松山區,7280000,7280000,597176.0,12.19,55,公寓(5樓含以下無電梯),住家用,三層
松山區,32980000,32980000,1028636.0,32.06,59,公寓(5樓含以下無電梯),住家用,四層
松山區,12900000,12900000,837488.0,15.4,43,住宅大樓(11層含以上有電梯),商業用,二層
松山區,3016340,3016340,218242.0,13.82,35,華廈(10層含以下有電梯),住家用,三層
松山區,30500000,30500000,944160.0,32.3,40,住宅大樓(11層含以上有電梯),商業用,十二層
松山區,21000000,21000000,415450.0,50.55,33,住宅大樓(11層含以上有電梯),商業用,五層
松山區,21700000,21700000,643140.0,33.74,50,公寓(5樓含以下無電梯),住家用,四層，陽臺
松山區,21000000,21000000,855263.0,24.55,37,住宅大樓(11層含以上有電梯),住家用,十五層
松山區,31500000,31500000,960457.0,32.8,24,住宅大樓(11層含以上有電梯),住家用,十六層
松山區,14410000,14410000,802909.0,17.95,9,住宅大樓(11層含以上有電梯),住家用,八層
松山區,22700000,22700000,494931.0,45.86,38,住宅大樓(11層含以上有電梯),住家用,八層
松山區,40000000,40000000,780635.0,51.24,29,住宅大樓(11層含以上有電梯),住家用,五層
松山區,28500000,28500000,773018.0,36.87,45,華廈(10層含以下有電梯),住家用,二層
松山區,9000000,9000000,517880.0,17.38,30,公寓(5樓含以下無電梯),住家用,五層
松山區,21330000,21330000,829855.0,25.7,3,住宅大樓(11層含以上有電梯),住家用,十一層
松山區,25600000,25600000,820123.0,31.21,54,公寓(5樓含以下無電梯),住家用,四層
松山區,48500000,48500000,803947.0,60.33,20,住宅大樓(11層含以上有電梯),住家用,七層
松山區,13800000,13800000,701091.0,19.68,54,公寓(5樓含以下無電梯),住家用,三層
松山區,12000000,12000000,311820.0,38.48,40,華廈(10層含以下有電梯),住家用,七層
松山區,59180000,59180000,750979.0,78.8,26,住宅大樓(11層含以上有電梯),住家用,七層
松山區,21000000,21000000,659904.0,31.82,42,公寓(5樓含以下無電梯),住家用,三層
松山區,22600000,22600000,755266.0,29.92,53,公寓(5樓含以下無電梯),住家用,二層，陽臺
松山區,42900000,42900000,792903.0,54.1,11,住宅大樓(11層含以上有電梯),住家用,二層
松山區,38600000,38600000,914067.0,42.23,48,華廈(10層含以下有電梯),住家用,四層
松山區,11980000,11980000,755217.0,15.86,43,住宅大樓(11層含以上有電梯),住家用,十五層
松山區,23900000,23900000,726383.0,32.9,48,華廈(10層含以下有電梯),住家用,二層
松山區,29000000,29000000,813062.0,35.67,43,華廈(10層含以下有電梯),住家用,六層
松山區,8500000,8500000,369678.0,22.99,52,公寓(5樓含以下無電梯),住家用,一層，平台
松山區,31060000,31060000,866044.0,35.86,47,住宅大樓(11層含以上有電梯),住家用,十五層
松山區,12800000,12800000,1062372.0,12.05,13,住宅大樓(11層含以上有電梯),住家用,十一層
松山區,12400000,12400000,851515.0,14.56,18,住宅大樓(11層含以上有電梯),住家用,九層
松山區,32500000,32500000,829128.0,39.2,43,住宅大樓(11層含以上有電梯),住家用,十一層
松山區,23000000,23000000,548700.0,41.92,52,公寓(5樓含以下無電梯),住家用,三層，陽臺
松山區,21500000,21500000,561146.0,38.31,53,公寓(5樓含以下無電梯),住家用,二層，陽臺
松山區,20000000,20000000,422412.0,47.35,29,住宅大樓(11層含以上有電梯),住家用,六層
松山區,36680000,36680000,717114.0,51.15,32,住宅大樓(11層含以上有電梯),住家用,二層
松山區,33900000,33900000,684793.0,49.5,43,住宅大樓(11層含以上有電梯),商業用,二層
松山區,15000000,15000000,245637.0,61.07,36,住宅大樓(11層含以上有電梯),住家用,九層
松山區,46380000,46380000,731329.0,63.42,29,住宅大樓(11層含以上有電梯),住家用,九層
松山區,24080000,24080000,849911.0,31.28,3,住宅大樓(11層含以上有電梯),住家用,十三層
松山區,49080000,49080000,970388.0,50.58,43,住宅大樓(11層含以上有電梯),辦公用,七層
松山區,14550000,14550000,1079916.0,13.47,37,住宅大樓(11層含以上有電梯),辦公用,三層
松山區,24800000,24800000,834272.0,29.73,48,公寓(5樓含以下無電梯),住家用,二層
松山區,25500000,25500000,523946.0,48.67,43,住宅大樓(11層含以上有電梯),商業用,二層
松山區,32660000,32660000,819052.0,39.88,48,公寓(5樓含以下無電梯),住家用,二層
松山區,9550000,9550000,613732.0,15.56,31,住宅大樓(11層含以上有電梯),住家用,七層
松山區,15650000,15650000,1109972.0,14.1,37,住宅大樓(11層含以上有電梯),辦公用,三層
松山區,33600000,33600000,828751.0,46.74,24,住宅大樓(11層含以上有電梯),住家用,十層
松山區,9800000,9800000,902166.0,10.86,19,住宅大樓(11層含以上有電梯),住家用,二層
松山區,63360000,63360000,846182.0,74.88,39,透天厝,其他,全
松山區,161980000,161980000,1850137.0,107.33,6,住宅大樓(11層含以上有電梯),住家用,八層
松山區,20500000,20500000,725345.0,28.26,52,公寓(5樓含以下無電梯),住家用,二層
松山區,16300000,16300000,913141.0,17.85,37,住宅大樓(11層含以上有電梯),商業用,七層
松山區,27500000,27500000,773961.0,35.53,53,公寓(5樓含以下無電梯),住家用,二層，陽臺
松山區,20000000,20000000,821214.0,24.35,31,華廈(10層含以下有電梯),住家用,三層
松山區,9500000,9500000,872850.0,10.88,23,華廈(10層含以下有電梯),住家用,三層
松山區,59500000,59500000,716658.0,101.28,42,華廈(10層含以下有電梯),商業用,三層
松山區,145000000,145000000,1267830.0,114.37,57,公寓(5樓含以下無電梯),商業用,一層，騎樓
松山區,43000000,43000000,727071.0,59.14,47,華廈(10層含以下有電梯),住家用,二層
松山區,19360000,19360000,563087.0,34.38,31,住宅大樓(11層含以上有電梯),住家用,八層
松山區,10200000,10200000,970335.0,10.51,49,住宅大樓(11層含以上有電梯),住家用,六層
松山區,22500000,22500000,626416.0,35.92,42,住宅大樓(11層含以上有電梯),住家用,九層
松山區,13100000,13100000,737501.0,17.76,30,住宅大樓(11層含以上有電梯),住家用,八層
松山區,67080000,67080000,1390734.0,58.76,3,住宅大樓(11層含以上有電梯),住家用,十層
松山區,68800000,68800000,1336866.0,61.73,3,住宅大樓(11層含以上有電梯),住家用,十層
松山區,38200000,38200000,1029618.0,48.09,19,住宅大樓(11層含以上有電梯),住家用,八層
松山區,162000000,162000000,1198610.0,135.16,46,華廈(10層含以下有電梯),商業用,一層
松山區,14340000,14340000,926424.0,15.48,40,住宅大樓(11層含以上有電梯),商業用,一層，騎樓
松山區,21260000,21260000,723431.0,29.39,52,公寓(5樓含以下無電梯),住家用,四層，陽臺
松山區,23350000,23350000,1287133.0,20.29,3,住宅大樓(11層含以上有電梯),住家用,十層
松山區,29000000,29000000,452101.0,64.14,38,住宅大樓(11層含以上有電梯),住家用,十一層
松山區,61690000,61690000,779984.0,79.09,43,住宅大樓(11層含以上有電梯),商業用,八層
松山區,6129497,6129497,243049.0,25.22,37,華廈(10層含以下有電梯),商業用,一層
松山區,6061997,6061997,235955.0,25.69,37,華廈(10層含以下有電梯),住家用,二層
松山區,21000000,21000000,688502.0,30.5,53,公寓(5樓含以下無電梯),住家用,三層
松山區,188880000,188880000,1812841.0,121.89,8,住宅大樓(11層含以上有電梯),住家用,七層
松山區,22200000,22200000,1246624.0,17.81,18,住宅大樓(11層含以上有電梯),住家用,十一層
松山區,85280000,85280000,712618.0,153.7,34,住宅大樓(11層含以上有電梯),其他,地下二層
松山區,47200000,47200000,1119724.0,42.15,50,華廈(10層含以下有電梯),住家用,七層，陽臺
松山區,45800000,45800000,1374542.0,33.32,56,公寓(5樓含以下無電梯),住家用,一層
松山區,29000000,29000000,876870.0,33.07,45,華廈(10層含以下有電梯),住家用,七層
松山區,18650000,18650000,678625.0,27.48,55,公寓(5樓含以下無電梯),住家用,三層
松山區,19800000,19800000,642218.0,30.83,44,公寓(5樓含以下無電梯),住家用,四層
松山區,51000000,51000000,946530.0,53.88,41,華廈(10層含以下有電梯),住家用,二層
松山區,11460000,11460000,830982.0,13.79,23,華廈(10層含以下有電梯),其他,二層
松山區,15000000,15000000,717716.0,20.9,48,住宅大樓(11層含以上有電梯),住家用,十五層
松山區,21300000,21300000,721451.0,29.52,53,公寓(5樓含以下無電梯),住家用,三層，陽臺
松山區,34600000,34600000,844199.0,40.99,24,住宅大樓(11層含以上有電梯),住家用,二層
松山區,20800000,20800000,645034.0,32.25,52,公寓(5樓含以下無電梯),住家用,四層
松山區,32500000,32500000,903604.0,35.97,25,住宅大樓(11層含以上有電梯),住家用,十層
松山區,17200000,17200000,724697.0,23.73,53,公寓(5樓含以下無電梯),住家用,四層，陽臺
松山區,32000000,32000000,770638.0,41.52,40,公寓(5樓含以下無電梯),住家用,三層
松山區,30000000,30000000,857313.0,34.99,43,住宅大樓(11層含以上有電梯),住家用,十層
松山區,64000000,64000000,824840.0,77.59,38,住宅大樓(11層含以上有電梯),住家用,十一層，十二層
松山區,20000000,20000000,718575.0,27.83,53,公寓(5樓含以下無電梯),住家用,三層
松山區,20000000,20000000,798790.0,25.04,44,住宅大樓(11層含以上有電梯),住家用,十六層
松山區,25000000,25000000,1002609.0,24.93,52,華廈(10層含以下有電梯),住家用,一層，平台
松山區,9500000,9500000,500082.0,19.0,35,華廈(10層含以下有電梯),住家用,三層
松山區,34000000,34000000,803756.0,42.3,51,公寓(5樓含以下無電梯),住家用,二層，陽臺
松山區,45250000,45250000,1092167.0,49.97,38,住宅大樓(11層含以上有電梯),住家用,十一層
松山區,23880000,23880000,975320.0,24.48,24,住宅大樓(11層含以上有電梯),住家用,三層
松山區,15000000,15000000,586968.0,25.56,57,公寓(5樓含以下無電梯),住家用,四層
松山區,33580000,33580000,1150111.0,29.2,57,公寓(5樓含以下無電梯),住商用,四層
松山區,41000000,41000000,847961.0,48.35,25,住宅大樓(11層含以上有電梯),住家用,一層
松山區,60000000,60000000,940841.0,63.77,37,住宅大樓(11層含以上有電梯),商業用,一層，騎樓
松山區,9000000,9000000,251201.0,35.83,52,公寓(5樓含以下無電梯),住家用,四層，陽臺
松山區,31000000,31000000,753418.0,41.15,38,華廈(10層含以下有電梯),住家用,三層
松山區,21500000,21500000,791832.0,27.15,51,公寓(5樓含以下無電梯),住家用,一層，平台
松山區,33650000,33650000,827680.0,40.66,38,華廈(10層含以下有電梯),住家用,四層
松山區,40500000,40500000,857577.0,47.23,29,住宅大樓(11層含以上有電梯),住家用,八層
松山區,16500000,16500000,1785456.0,9.24,20,住宅大樓(11層含以上有電梯),辦公用,十層
松山區,14500000,14500000,736655.0,19.68,54,公寓(5樓含以下無電梯),住家用,四層
松山區,33000000,33000000,949032.0,34.77,51,公寓(5樓含以下無電梯),住家用,四層，陽臺
松山區,23300000,23300000,923674.0,25.23,38,住宅大樓(11層含以上有電梯),商業用,四層
松山區,16000000,16000000,1543415.0,10.37,20,住宅大樓(11層含以上有電梯),辦公用,六層
松山區,33690000,33690000,884751.0,38.08,41,華廈(10層含以下有電梯),住家用,二層
松山區,51500000,51500000,810632.0,63.53,22,住宅大樓(11層含以上有電梯),住家用,六層
松山區,46880000,46880000,937485.0,50.01,40,華廈(10層含以下有電梯),住家用,一層
松山區,28800000,28800000,1129116.0,25.51,40,公寓(5樓含以下無電梯),住家用,一層
松山區,20100000,20100000,1168395.0,17.2,20,住宅大樓(11層含以上有電梯),辦公用,九層
松山區,140800000,140800000,850010.0,165.65,43,華廈(10層含以下有電梯),商業用,五層
松山區,23000000,23000000,681610.0,33.74,37,住宅大樓(11層含以上有電梯),住家用,十一層
松山區,9000000,9000000,678036.0,13.27,38,華廈(10層含以下有電梯),住家用,三層
松山區,13950000,13950000,1548033.0,9.01,20,住宅大樓(11層含以上有電梯),辦公用,四層
松山區,39710000,39710000,1020153.0,38.93,5,住宅大樓(11層含以上有電梯),住家用,十三層
松山區,41000000,41000000,735974.0,64.22,44,住宅大樓(11層含以上有電梯),商業用,四層
松山區,44000000,44000000,731091.0,68.66,44,住宅大樓(11層含以上有電梯),商業用,四層
松山區,157680000,157680000,1749618.0,119.73,6,住宅大樓(11層含以上有電梯),住家用,五層
松山區,35880000,35880000,891987.0,47.44,49,華廈(10層含以下有電梯),住家用,七層
松山區,67700000,67700000,1320337.0,61.73,3,住宅大樓(11層含以上有電梯),住家用,九層
松山區,55400000,55400000,1134041.0,59.01,3,住宅大樓(11層含以上有電梯),住家用,二層
松山區,64000000,64000000,1320737.0,58.76,3,住宅大樓(11層含以上有電梯),住家用,九層
松山區,43980000,43980000,867772.0,57.9,3,住宅大樓(11層含以上有電梯),住家用,八層
松山區,44690000,44690000,886764.0,57.9,3,住宅大樓(11層含以上有電梯),住家用,九層
