objName,price,salePrice,style,parking,lon,lat,landArea,mainArea,affiliatedArea,zipCode
D1新北投低總渡假首選,1158,1158,公寓,無,121.507287323,25.1403099221,5.82,20.66,2.73,112
捷運吉星漂亮一 樓,588,588,華廈,無,121.504884045,25.1358275734,1.06,5.87,1.22,112
承德路七段辦公,4880,4880,華廈,私有,121.503961457,25.1175856114,11.71,52.8,13.52,112
低總價捷運溫馨套房,568,568,大樓,無,121.503604746,25.1358681966,0.82,4.13,0.57,112
稀有方正邊間低樓層,1658,1658,公寓,無,121.506209736,25.1337777001,12.86,31.61,1.64,112
千佳溫泉社區美寓3樓,1480,1480,公寓,公有,121.51390705,25.1365575251,13.13,31.53,5.19,112
中和街大坪數膝蓋救星,1500,1500,公寓,無,121.4947202,25.1465093,8.26,27.93,4.17,112
方正邊間採光三房(可隔4房),1600,1600,公寓,無,121.506750806,25.1337197117,12.58,34.03,5.15,112
北投清新綠漾裝潢鼎佳大空間,1288,1288,公寓,無,121.512508119,25.1366453175,7.78,22.56,2.21,112
立農公園採光綠景宅,1898,1898,公寓,無,121.504443081,25.1178815238,8.86,27.36,2.89,112
北投奇岩捷運站國揚方正3樓美寓,2379,2379,公寓,無,121.498829536,25.1284835505,10.66,28.81,2.42,112
清社奇岩景觀4房,2680,2680,大樓,私有,121.510630081,25.1255414616,14.75,29.78,4.99,112
陽明山龍園庭園大戶一樓,3500,3500,公寓,無,121.547553052,25.1523397132,79.02,37.69,2.91,112
北投區大筆農地,13666,13666,土地,無,121.538014,25.170194,13667.57,,,112
新民路溫泉鼎加美寓,1488,1488,公寓,無,121.512861659,25.1411820464,8.34,25.2,3.84,112
北投公園旁景觀美寓,1377,1377,公寓,無,121.509676415,25.1365862401,8.19,24.71,3.51,112
晴園電梯室內溫泉套房,630,630,華廈,可租,121.512728283,25.1372951416,5.12,5.99,2.01,112
開璽和碧車位,180,180,其他,私有,121.506730919,25.1204167748,0.74,,0,112
貴園精典2房美廈+車位,1598,1598,華廈,私有,121.507485841,25.1401200673,10.61,23.74,2.98,112
薇閣電梯溫泉豪邸,3180,3180,大樓,私有,121.506561993,25.1396784241,17.88,42.19,6.79,112
稀有雙橡園高樓景觀戶,1650,1650,大樓,無,121.502312288,25.1377231248,2.53,12.47,1.62,112
中和街方正邊間大兩房美寓,1250,1250,公寓,無,121.494789339,25.1464731553,7.05,23.88,3.34,112
東初和風管理景觀美寓,1398,1398,公寓,無,121.509593266,25.1365841159,6.66,19.79,3.37,112
新北投公園旁小套房,350,350,大樓,無,121.511700911,25.1385751394,1.75,5.5,1.36,112
溫馨兩房.度假生活輕鬆擁有,1480,1480,大樓,排隊,121.506993556,25.1413502201,5.94,22.92,2.21,112
富享榮華公園1樓,4888,4888,華廈,私有,121.524728301,25.1124865464,21.69,37.58,19.48,112
北投奇岩豪門景觀別墅,4488,4488,別墅,私有,121.509466673,25.1288352274,187.69,70.78,0,112
近復興崗捷運便宜美妝一樓,2088,2088,公寓,無,121.486338096,25.1407694765,8.34,24.47,27.58,112
北投陽光公寓大四房,2880,2880,公寓,無,121.50421884,25.131911482,13.39,35.62,0,112
精美社區公寓兩房,828,828,公寓,抽籤,121.512656605,25.1402579697,6.92,15.33,1.09,112
珠海路優質美寓,1298,1298,公寓,無,121.512496184,25.1423469841,8.54,25.67,3.5,112
奇岩稀有花園大空間,2700,2700,大樓,其他,121.508320308,25.1287632416,21.91,16.44,34.54,112
北投低總價採光美宅,868,868,公寓,無,121.512793716,25.1404151438,5.69,12.34,0.91,112
屋主誠售!公館路美寓,1480,1480,公寓,無,121.506537583,25.1248915194,9.51,24.67,8.62,112
秀山居 透天厝,1680,1680,透天,無,121.495362405,25.1479873778,23.08,35.48,0,112
重劃區旁邊間方正車庫一樓,2500,2500,公寓,無,121.506514454647,25.1240484274321,8.16,22.7,2.91,112
天母公園電梯精美大三房,1998,1998,華廈,無,121.530034691,25.1276349504,6.93,28.76,3.23,112
廉售-北市保護區土地,2309,2309,土地,無,121.502957,25.132074,3527.89,,,112
薇閣保誠四房美裝雙車,4580,4580,華廈,公有,121.48888428,25.1436769718,23.27,42.94,6.99,112
石牌停車位,98,98,華廈,私有,121.510669026,25.1124193277,1.1,0.09,,112
明德捷運青木淳,1880,1880,華廈,私有,121.515671978,25.1090860754,3.81,8.55,1.32,112
新裝立即入住管理代收電梯三房,1998,1998,華廈,無,121.530034691,25.1276349504,6.93,28.76,3.23,112
D4獨家天母同德樹海景觀宅,1688,1688,公寓,無,121.529230783,25.1253074042,8.34,25.39,3.83,112
天母公園旁邊間三房管理名宅,1820,1820,華廈,無,121.530294674,25.1277424201,8.13,29.55,4.46,112
文化國宅樹海景觀戶,2222,2222,華廈,無,121.498569799,25.1386826609,11.83,23.93,3.25,112
奇岩涵翠雅筑面寬金住辦店面,3100,3100,華廈,無,121.507848807,25.1252771789,11.05,25.3,23.37,112
復興崗1+1房+車位,1455,1455,大樓,私有,121.488597614,25.1419237136,4.78,11.77,2.12,112
十泉十美邊間溫泉宅,1750,1750,大樓,私有,121.50779985,25.1363348883,3.3,11.41,2.42,112
IZ1北投一樓庭院大戶,2680,2680,大樓,無,121.487857382,25.1411473878,24.7,44.16,18.99,112
新北投精緻裝潢景觀大樓,898,898,大樓,無,121.511700911,25.1385751394,3.47,11,2.99,112
陽明山登山路持分土地,1080,1080,土地,無,121.521029754,25.1565224282,77.28,,,112
稀有公寓一樓,1280,1280,公寓,無,121.500146278,25.1395481313,3.63,13.7,3.03,112
泉源華城3房公寓,798,798,公寓,無,121.506265335,25.1403223508,7.28,33.18,0,112
天母首購美裝潢三房,1800,1800,華廈,無,121.530319228,25.1277537979,13.63,21.23,5.45,112
天母榮總名邸一層一戶,3458,3458,華廈,無,121.525850432,25.1242906916,9.64,43.46,10.48,112
復興崗約四分鐘精美一樓,2280,2280,公寓,無,121.484876529,25.1395956204,9.15,31.43,2.98,112
北投店面有36個機車位,1200,1200,華廈,私有,121.505144038,25.1325719775,0.93,2.48,0.09,112
雲天高樓景觀電梯三房車,2588,2588,大樓,私有,121.503109384,25.1350102241,6.4,16.04,2.63,112
天月五星級溫泉極品大樓,2188,2188,大樓,無,121.505170507,25.137028756,4.35,16.4,5.12,112
國泰區獨棟大透天別墅,7300,7300,別墅,私有,121.497767948,25.1429620616,110.11,76.18,27.98,112
新北投公寓三樓,1280,1280,公寓,無,121.513194889,25.135935114,13.88,33.24,0,112
吉利街海沙都更店面,2980,2980,公寓,無,121.505985188,25.1183260093,7.47,21.43,1.89,112
行義青庭電梯三房,1050,1050,華廈,無,121.528295012,25.1299697126,3.86,15.5,1.71,112
新北投山居大套房,698,698,華廈,無,121.511036469,25.1413360985,3.02,10.98,1.76,112
薇閣精緻景觀2房,1280,1280,公寓,無,121.507605969,25.1423506138,8.58,10.52,9.76,112
關渡北歐景觀雙車位,4080,4080,大樓,私有,121.467265293,25.1205046736,11.58,31.49,9.59,112
稀有公園景觀美廈！都更整合中,3280,3280,大樓,無,121.507434521,25.1360757917,7.67,37.07,2,112
捷運景觀露臺樓中樓,4666,4666,大樓,私有,121.469164586,25.1227168218,9.4,43.95,7.86,112
明德捷運靜巷一樓,2150,2150,公寓,無,121.519092365,25.105921032,9.68,25.23,0,112
上北澤露台大戶$,8300,8300,大樓,私有,121.523620386,25.1197557806,21.4,48.05,4.96,112
丹鳳豪景邊間透天,5988,5988,透天,無,121.510099,25.126446,36.22,53.54,20.14,112
北投低總價環境清幽電梯2房,898,898,華廈,無,121.512071464,25.139976595,5.66,15.25,1.88,112
陽明山持分農地48,200,200,土地,無,121.521029754,25.1565224282,70.63,,,112
陽明山泉源持分農地66,420,420,土地,無,121.521029754,25.1565224282,189.86,,,112
陽明山泉源持分農地49,200,200,土地,無,121.502957,25.132074,86.44,,,112
泉源健身農場,550,550,土地,無,121.502957,25.132074,1051.37,,,112
陽明山持分農地329,520,520,土地,無,121.524037314,25.1512824464,311.07,,,112
景觀公園小套房,398,398,大樓,無,121.511700911,25.1385751394,1.75,5.5,1.36,112
捷運鄰公園方正採光大三房雅寓,1680,1680,公寓,無,121.500795081,25.1380243522,7.49,28.04,3.7,112
薇閣樹海百坪車庫別墅,6680,6680,透天,私有,121.502762863,25.1453291886,66.55,82.71,47.53,112
捷運出口電梯五樓,1966,1966,華廈,無,121.502651586,25.1382572241,6.26,26.19,5.72,112
IZ1綠意星空雙車位別墅,3288,3288,別墅,私有,121.515676086,25.1361572307,37.51,31.21,14.21,112
新北投泉源路二房,1158,1158,公寓,無,121.507287323,25.1403099221,5.82,20.66,2.73,112
捷運北投站首購養生美寓,1158,1158,公寓,無,121.507287323,25.1403099221,5.82,20.66,2.73,112
北投溫泉湯屋,1330,1330,公寓,無,121.513298182,25.1406550236,9.98,23.98,4.33,112
榮華特區庭院一樓,4280,4280,華廈,私有,121.523873551,25.1116949774,19.33,27.21,36.32,112
陽明山十八份黃金持分地,880,880,土地,無,121.515051574,25.1499376129,356.1,,,112
鄉林玉川溫泉豪邸,5800,5800,華廈,私有,121.512710145,25.1362869868,49.49,40.37,6.78,112
鄉林玉川溫泉渡假豪邸,5800,5800,華廈,私有,121.512710145,25.1362869868,49.49,40.37,6.78,112
石牌學區捷運三房美寓,1980,1980,公寓,無,121.512527304,25.1117189576,6.9,23.13,3.78,112
白宮山莊社區內土地,8990,8990,土地,無,121.5042,25.14819,666.56,,,112
薇閣家長首選低總價邊間二房,1198,1198,華廈,無,121.504286032,25.1420561024,6.54,11.02,4.41,112
捷運公園景觀裝潢2房車位,2770,2770,大樓,私有,121.50779985,25.1363348883,5.83,21.53,3.09,112
台北市北投區持分農地,600,600,土地,無,121.52752,25.13058,74.14,,0,112
山翫水美裝3房車位,7300,7300,華廈,私有,121.504072,25.129275,13.44,37.44,3.76,112
北投低總價全新裝潢電梯2房,1198,1198,華廈,無,121.507460868,25.1328123341,6.39,17.61,1.29,112
B187陽明山景觀農地,1588,1588,土地,無,121.528648427,25.1474881229,449.14,,,112
花墅大器透天豪邸,8888,8888,透天,私有,121.5043524,25.1436005,63.83,93.58,65.56,112
北投全新裝潢電梯方正2房,798,798,華廈,無,121.50475725,25.1356235275,1.41,8.42,1.59,112
北投綠意昂然大庭院美宅,2980,2980,華廈,私有,121.511211972,25.1403546139,11.3,26.97,4.07,112
士北科獨棟5房花園,3080,3080,公寓,無,121.513844682,25.1093305243,15.19,37.79,9.2,112
專任北投電梯3房雙車位,2580,2580,華廈,私有,121.503383425,25.144724103,15.84,19.17,2.81,112
陽明山泉源持分千坪農地,1180,1180,土地,無,121.521029754,25.1565224282,889.79,,,112
花顏自慢禪風御宅,1828,1828,華廈,私有,121.507444806,25.1332338914,21.52,16.68,2.84,112
東初和風面公園景觀三樓,1398,1398,公寓,無,121.509593266,25.1365841159,6.66,19.79,3.37,112
B58冠德山水坡道平面車位,300,300,大樓,私有,121.469099236,25.1227222471,0.14,,0,112
北投桃源國小低價建地,398,398,土地,無,121.48493,25.14069,19.81,,,112
北投區持分農地,735,735,土地,無,121.52661,25.13097,91.86,,0,112
十六行館華廈,5600,5600,華廈,私有,121.529995304,25.1291004454,34.52,45.34,4.89,112
天母榮總振興醫院靜巷+車位獨賣,4358,4358,華廈,私有,121.52517236,25.1211732458,11.7,41.84,7.37,112
家樂福一樓好停車,1790,1790,公寓,無,121.4996027,25.1439766,15.33,26.65,0,112
北投靜詣美居，三房寬境好生活,2980,2980,華廈,私有,121.500228561,25.1430145079,19.92,23.3,4.98,112
玉川電梯景觀華廈,690,690,華廈,無,121.509141877,25.1413567981,2.68,12.54,1.57,112
捷運電梯雙景觀3房車,4588,4588,大樓,私有,121.501022708,25.1388305275,5.41,28.19,3.96,112
鄉林玉川總裁溫泉宅,6780,6780,華廈,私有,121.512282196,25.1362383053,52.88,41.25,6.65,112
威靈頓美式豪景帝王別墅,5980,5980,別墅,私有,121.512666331,25.1316421528,119.62,67.19,7.81,112
復興崗捷運住二建地,17626,17626,土地,無,121.482841,25.137165,705.07,,0,112
北投捷運靜巷方正美寓,1950,1950,公寓,無,121.498887337,25.1293747867,8.28,23.12,1.99,112
鄉林玉川露台戶,5500,5500,華廈,私有,121.512539485,25.136268468,42.97,33.64,5.19,112
泉之鄉溫泉美麗2房,898,898,華廈,無,121.512071464,25.139976595,5.66,15.25,1.88,112
四季青磺溫泉大樓,550,550,華廈,無,121.510212338,25.1373409693,1.5,7.58,1.32,112
｢石牌捷運」S R C三房景觀,6388,6388,大樓,私有,121.508927838,25.1131566286,7.5,35.06,5.44,112
超級景觀雙磺湯屋,698,698,公寓,無,121.50988425,25.1365667366,3.61,9.6,1.21,112
北投靜巷三陽開泰好宅,1158,1158,公寓,無,121.507287323,25.1403099221,5.82,20.66,2.73,112
復興崗站低總價美寓,1498,1498,公寓,無,121.486213276,25.1392838166,10.62,27.37,3.08,112
HZ4北投稻香挑高四房另購車位,1880,1880,華廈,無,121.487473955,25.1411171869,18.45,24.68,16.79,112
雲仙高樓精緻溫泉2+1房,1980,1980,大樓,無,121.505438826,25.1359993632,3.35,24.1,1.75,112
捷運北歐豪邸四房三車位,6800,6800,大樓,私有,121.468402762,25.120537219,19.7,54.81,10.22,112
陽明山溫泉權利別墅,1200,1200,別墅,無,121.548152,25.148905,0,1,,112
重劃區3房挑高庭院車位可買,4750,4750,華廈,無,121.504645696,25.1247273893,12.67,26.58,6.91,112
陽明山景花園別墅,7900,7900,別墅,私有,121.516724092,25.1290988016,133.26,61.92,7.38,112
威靈頓古典傳奇別墅,5800,5800,別墅,私有,121.516805095,25.1291268131,129.67,61.92,7.38,112
奇岩捷運站高人車流量建地,5355,5355,土地,無,121.500452888014,25.1268348013369,35.7,,,112
新北投稀有電梯2房新屋,1853,1853,其他,無,121.498731,25.142242,7.44,14.84,1.62,112
地標吾悠超級景觀大戶,8500,8500,大樓,私有,121.50212385,25.1351081952,6.59,41.23,7.33,112
雙享時代薇閣精選,1488,1488,華廈,私有,121.502442426,25.1403290347,3.2,7.92,0.93,112
石牌雙捷運極美電梯四房＋雙車位,6980,6980,大樓,私有,121.519637329,25.1124980149,11.04,35.44,10.24,112
昇陽明公園景觀四房車,5680,5680,大樓,私有,121.503349599,25.1359581188,7.19,36.31,4.64,112
小資族景觀低公設電梯新屋,1143,1143,其他,無,121.498731,25.142242,4.59,9.23,0.92,112
藍田陞玉頂級豪邸,12800,12800,大樓,私有,121.516636377,25.1063923211,8.25,56.94,13.37,112
石牌捷運4房車位,4580,4580,華廈,私有,121.513765585,25.1129404023,9.46,23.55,4.73,112
美虹園電梯景觀套房,880,880,華廈,無,121.507106699,25.1325998337,5.04,13.04,1.16,112
淩宵小資屋,360,360,大樓,無,121.511700911,25.1385751394,1.75,5.5,1.36,112
馬槽橋雙源水萬坪土地,15800,15800,土地,無,121.546425,25.156618,13667.57,,,112
F10北投溫泉大空間美景宅,1488,1488,公寓,無,121.512861659,25.1411820464,8.37,25.2,3.84,112
北投捷運二樓,1960,1960,公寓,無,121.497494348,25.1361996023,7.55,29.73,1.84,112
近公園捷運邊間方正2樓,2358,2358,公寓,無,121.506486307,25.1246619193,11.18,36.64,3.34,112
竹子湖咖啡休閒農地,6258,6258,土地,無,121.545447915693,25.1582704369388,782.35,,,112
石牌公園方正美寓,2180,2180,公寓,無,121.507471634,25.1183574415,12.93,26.8,5.36,112
近捷運北士科生活機能佳,1980,1980,公寓,無,121.517802793,25.1102104468,9.13,20.6,9.71,112
天母杏林極品裝潢樓中樓,5568,5568,華廈,私有,121.522792272,25.1213748242,15,45.97,20.36,112
北士科明德敦品文林電梯三房車位,5445,5445,大樓,公有,121.519293304,25.1042757749,13.32,30.56,4.41,112
捷運景觀精緻裝潢名人居,1180,1180,華廈,無,121.5120425,25.1404887,5.04,10.56,2.25,112
石牌學區黃金3F,2750,2750,公寓,無,121.510183417,25.1137122983,12.25,33.69,3.91,112
山景大3+1房 +3車位,4388,4388,大樓,私有,121.496040164,25.1331609599,9.38,32.85,2.93,112
北投雲天溫泉行館美套房,850,850,大樓,無,121.502946728,25.134890207,2.27,6.29,0.54,112
石牌愛馬屋車位,150,150,其他,私有,121.510669026,25.1124193277,1.1,,,112
北投珠海路精華建地,5900,5900,土地,無,121.50516,25.1418,76.83,,,112
小家庭最愛低公設2房露臺戶,1980,1980,其他,無,121.498731,25.142242,7.87,15.82,1.58,112
小家庭最愛低公設2房,1960,1960,其他,無,121.498731,25.142242,7.87,15.82,1.58,112
石牌十方榕園豪邸,8880,8880,大樓,私有,121.521213509,25.115155944,26.6,63.49,6.89,112
復興崗站旁邊間店面,3180,3180,大樓,私有,121.484982173,25.1377519701,7.54,21.78,2.14,112
國泰透天稀有釋出,3500,3500,透天,無,121.496851172,25.1440150974,32.37,30.07,,112
北市一樓魔術大空間店辦,2580,2580,公寓,無,121.506030012,25.1242236731,13.69,23.13,2.12,112
榮華特區貴族車位小宅,1288,1288,華廈,私有,121.524052724,25.1124441858,3.26,6.84,0.23,112
近北士科八仙段農地,5680,5680,土地,無,121.508516207,25.1127284632,159.72,,,112
明德全新景觀宅$,7447,7447,大樓,私有,121.520429302,25.115324918,13.16,35.03,4.67,112
明德捷運三房新廈,2950,2950,華廈,私有,121.515602366,25.1089738269,5.22,7.93,8.15,112
I6北投站｜大土地潛力宅,3900,3900,透天,無,121.498506152,25.1328845103,22.68,18.15,1.51,112
竹子湖有路休閒農地,2680,2680,土地,無,121.545631801152,25.158445393917,375.06,,0,112
薇閣別墅用地,5800,5800,土地,無,121.505316,25.14246,78.95,,,112
奇岩花沺藏庭院戶,7580,7580,華廈,私有,121.504216928,25.1274600025,23.18,52.7,1.09,112
天母國小一層一戶大空間美廈,3560,3560,華廈,無,121.525850432,25.1242906916,9.64,43.46,10.48,112
新潤和峰高樓大景,6688,6688,大樓,私有,121.503025265273,25.1293448397164,11.68,40.03,7.63,112
極稀有天母富邦,11600,11600,大樓,私有,121.522048126,25.1190949646,23.03,57.18,3.55,112
關渡宮三角窗透天金店,4200,4200,土地,無,121.464393968,25.1177873995,28.74,,,112
新北投捷運住3土地,4800,4800,土地,無,121.502957,25.132074,45.38,,,112
B325石牌捷運旁坡平車位,388,388,華廈,私有,121.513606932,25.11444222,0.92,,0,112
北投稀缺土地,6000,6000,土地,無,121.502957,25.132074,103.43,,,112
復興市場透天店面,3380,3380,透天,其他,121.500591691,25.1407956233,22.38,36.94,0,112
近捷運公園1樓庭院，土地大,3200,3200,公寓,無,121.50888449,25.1176281282,34.61,29.88,0,112
國泰三角窗大土地‧大庭院透天,9888,9888,透天,私有,121.496963303,25.1428048057,135.22,47.82,2.8,112
北投銀光巷高質感會所,12000,12000,土地,無,121.513495031,25.1364213755,129.47,,,112
新北投首購寓上好宅,1388,1388,公寓,無,121.495282345,25.1445344374,9.49,28.3,4.46,112
黃金三樓明亮美寓,1450,1450,公寓,無,121.494421936,25.1432075962,9.29,28.76,2.92,112
陽明山河明亮樓中樓四房車,2680,2680,公寓,公有,121.467192,25.122143,16.43,47.24,4.89,112
北投凌霄便宜套房,450,450,大樓,無,121.511700911,25.1385751394,1.83,5.5,1.5,112
陽明峰匯釋有專任,1788,1788,大樓,私有,121.469080767,25.1266727977,5.68,12.99,1.55,112
捷運御之泉挑高2房+車位,1398,1398,大樓,私有,121.503354476,25.1377708621,2.07,5.51,2.14,112
低總價溫泉小天地,650,650,華廈,無,121.504342705,25.1354753986,1.95,6.75,0,112
關渡河岸5房福氣宅採光佳,1330,1330,公寓,無,121.464228288,25.1180290532,8.28,24.61,3.65,112
新北投景觀美裝,780,780,華廈,無,121.511026164,25.1413815185,3.15,11.91,1.39,112
近捷運美妝陽明峰匯,2880,2880,大樓,私有,121.46888157,25.126733153,8.65,20.78,2.23,112
關渡水京低總價兩房車,1780,1780,大樓,私有,121.466516197,25.1221676461,4.25,11.26,1.25,112
清江國小四房一樓,1350,1350,公寓,無,121.50940796,25.1275567822,15.58,31.18,0,112
關渡捷運3房美寓,1080,1080,公寓,無,121.466249145,25.1192530117,10.14,28.01,4.07,112
大自然世界庭院1樓,2688,2688,華廈,無,121.530498691,25.1331670398,10.57,40.93,2.5,112
B329石牌國中採光2樓美寓,1738,1738,公寓,無,121.528586997,25.1296431458,10.21,29.89,5.19,112
B334明德景觀樓中樓雙車,5980,5980,華廈,私有,121.521592227,25.115129159,17.6,30.1,31.95,112
森原雙露台景觀戶,7629,7629,華廈,私有,121.506655046,25.129563631,59.95,50.88,14.55,112
新北投溫泉湯屋雅寓,1330,1330,公寓,無,121.513298182,25.1406550236,9.98,28.31,0,112
專‧奇岩全新景觀2房車,2718,2718,大樓,私有,121.52048,25.110142,5.58,17.15,1.91,112
石牌學區邊間三房,1980,1980,公寓,無,121.511026577,25.1174826024,8.57,26.99,4.72,112
陽明山&天母公園景觀邊間三房車,3088,3088,華廈,私有,121.530938504,25.1280049255,12.84,39.05,4.69,112
關渡十五望族水岸別墅,7800,7800,別墅,私有,121.463426068,25.1229134093,104.94,73.6,15.27,112
北投書香三合一·雙車位,3680,3680,華廈,私有,121.511085554,25.1402868409,18.55,64.45,12.68,112
B335國泰獨棟庭院別墅,9800,9800,別墅,無,121.496144062,25.1434274631,103.15,46.36,0,112
關渡自然公園旁美寓,1330,1330,公寓,無,121.464228288,25.1180290532,8.28,24.61,3.65,112
近捷運電梯方正邊間三房車,2420,2420,華廈,私有,121.485599644,25.1391148835,10.82,23.41,4.51,112
文化學區稀有低樓層一樓,1500,1500,公寓,無,121.494493909,25.1450459185,8.48,28.5,2.89,112
北投登山路土地,2180,2180,土地,無,121.509991,25.142381,1228.05,,,112
士北科都更首豪華廈,2680,2680,華廈,抽籤,121.511131786,25.1111945867,5.49,28.22,2.37,112
捷運悅園樓中樓豪邸,5200,5200,大樓,私有,121.505728533,25.1388060615,20.26,55.45,3.05,112
明德捷運鼎加,2180,2180,公寓,無,121.518945941,25.1113421974,12.63,24.07,0,112
振興榮總黃金店面,5588,5588,大樓,私有,121.522599847,25.1188982182,11.89,26.9,6.88,112
石牌站旁微型商辦,1368,1368,華廈,無,121.515008219,25.1146147916,2.05,7.29,1.47,112
薇閣御泉時尚兩房美湯,1320,1320,大樓,無,121.503354476,25.1377708621,1.74,7.64,1.76,112
大同街稀有透天店面,2680,2680,透天,無,121.499359017,25.1409734082,11.5,22.12,0,112
中和街低總價首選公寓,880,880,公寓,無,121.494478696,25.1465166531,,22.04,3.36,112
P028獨家奇岩站旁靜巷美寓,1368,1368,公寓,無,121.500008937,25.1249953712,7.64,24.97,4.09,112
北投樹海景觀戶4房美寓,1698,1698,公寓,無,121.490037419,25.1423120996,10.81,31.19,3.43,112
北投區奇岩段道路用地,199,199,土地,無,121.502957,25.132074,1.57,,,112
築尚精美電梯二房,1938,1938,華廈,私有,121.467165284,25.1211170819,4.07,11.57,2.29,112
關渡知行大戶樓中樓,1780,1780,公寓,無,121.467243759,25.1191244927,13.03,33.23,5.92,112
捷運公園套房,510,510,大樓,無,121.502651586,25.1382572241,1.18,6.81,,112
獨家稀有邊間頂佳首購成家,1198,1198,公寓,無,121.49580738,25.1442038832,9,26.35,1.04,112
新北投溫泉大套房,598,598,公寓,無,121.512487012,25.1369368367,3.81,9.73,0.99,112
森原六六美妝套房,1100,1100,華廈,無,121.506655046,25.129563631,7.21,6.57,1.28,112
雅典方正套房,498,498,華廈,無,121.510526129,25.1374671929,1.98,6.95,0.98,112
復興高中獨棟庭院(可租),4980,4980,透天,私有,121.501189449,25.144309382,58.08,50.78,44.33,112
P027新天鵝堡三房高樓美景,3088,3088,大樓,私有,121.487039351,25.1409224738,9.36,24.71,3.61,112
B332北投慶龍門三房電梯平車,2688,2688,華廈,私有,121.499785306,25.1429424576,17.46,18.77,5.49,112
陽明峰匯二樓關渡捷運站,2438,2438,大樓,私有,121.468851873,25.1265134874,9.35,18.27,3.42,112
*北投中和街精選美寓,1980,1980,公寓,無,121.493427044,25.1453455761,14.07,36.31,5.41,112
開價2字頭只此這間喜歡可談,1188,1188,公寓,無,121.505529608,25.1407062595,13.53,63.58,0,112
美麗富玉3房平車有露臺,3250,3250,大樓,私有,121.505146912,25.1346377514,8.8,23.27,4.68,112
美裝新廈三房車,3088,3088,華廈,私有,121.511211972,25.1403546139,11.27,26.97,5.55,112
490AH關渡國中方正美寓,898,898,公寓,無,121.466789011,25.1206467984,5.66,18.46,3.75,112
*天母景觀低總價美譽,1580,1580,公寓,無,121.523700576,25.1188553279,0,24.26,2.89,112
北投低總價2房,798,798,華廈,無,121.50475725,25.1356235275,1.45,8.42,1.59,112
公園綠地優質學區電梯管理三房,1900,1900,華廈,無,121.530134089,25.1278025448,6.93,27.03,3.83,112
低總價大土地石牌公寓,1575,1575,公寓,無,121.507476956,25.1155696714,12.63,23.9,3.14,112
1200萬高CP宅,1200,1200,公寓,無,121.500579,25.143433,13.81,22.16,0,112
復興高中旁美一樓,1550,1550,公寓,無,121.500811721,25.1438855261,13.81,27.3,0,112
復興崗持分土地,6528,6528,土地,無,121.48538,25.14063,123.26,,,112
翠宜精品雙車美墅,4980,4980,別墅,私有,121.504358856,25.1435761378,41.14,40.39,31.8,112
翠嶺山莊樓中樓＋坡車,2388,2388,公寓,私有,121.508416153,25.1290351125,20.59,41.18,6.54,112
石牌捷運收租金雞母,1798,1798,公寓,無,121.516370879,25.1122014425,6.35,17.66,0,112
北投新興路亮麗公寓三樓強銷釋出,1680,1680,公寓,無,121.488043015,25.1411807382,15.72,34.07,3.27,112
山景邊間採光美寓,1180,1180,公寓,無,121.513046629,25.141273754,7.82,23.31,3.9,112
尊賢街稀有釋出二樓,1980,1980,公寓,無,121.507279231,25.116148368,10.51,25.97,3.03,112
新北投書香小苑1+2樓,3680,3680,華廈,私有,121.511085554,25.1402868409,18.55,64.45,12.68,112
北投綠景亮麗兩房,738,738,公寓,無,121.512593447,25.1402151875,6.47,14.39,0.92,112
北投美妝庭院2房,1338,1338,華廈,無,121.512096113,25.1406014423,4.51,9.59,2.22,112
復興崗稻香園,2680,2680,公寓,無,121.487861604895,25.1411432279053,25.61,44.16,18.99,112
稀有一樓可做2+1房門前好停車,1498,1498,公寓,無,121.494620868,25.1440730551,2.89,8.69,14.4,112
新北投透天別墅可停4台車,5088,5088,透天,無,121.502584038,25.1452361563,86.52,101.56,60.53,112
B327陽大方正大空間美寓,2380,2380,公寓,無,121.514804136,25.1188607565,9.82,28.73,4.67,112
文化國小學區鼎加,1600,1600,公寓,無,121.500811721,25.1438855261,13.81,22.16,0,112
復興崗稻香園,1880,1880,公寓,無,121.487478177793,25.1411130607882,18.45,24.68,16.79,112
新北投溫泉養生宅,1330,1330,公寓,無,121.513298182,25.1406550236,9.98,23.98,4.33,112
超大邊間車庫1F,4800,4800,華廈,私有,121.529332908,25.132536744,12.17,45.28,8.19,112
北投民族街收租美寓,1868,1868,公寓,無,121.506819709,25.1337162075,12.58,34.03,5.15,112
B04士北科景觀辦公樓中樓,5700,5700,華廈,私有,121.503961457,25.1175856114,16.95,82.33,12.47,112
石牌持份道路用地,76,76,土地,無,121.502957,25.132074,2.78,,,112
新北投捷運大露台-三房+車位,2980,2980,華廈,私有,121.505198376,25.134274491,12.09,27.72,3.9,112
近北士科持份道路用地,88,88,土地,無,121.502957,25.132074,3.18,,,112
自強街持份道路用地,155,155,土地,無,121.502957,25.132074,5.43,,,112
泉源獨棟透天,2380,2380,透天,無,121.509332014,25.1412719242,58.82,21.41,0,112
北投捷運都更夢想透天,1688,1688,透天,無,121.489430148897,25.1411588663045,9.68,14.46,0,112
出價談👍北士科 石牌大空間,3980,3980,華廈,排隊,121.511457739,25.1132636915,8.58,32.71,3.78,112
鳥語花香!北投必看透天,2500,2500,透天,無,121.493855956,25.1457066159,27.22,27.23,0,112
保誠一靚綠景四房雙車位,4868,4868,華廈,私有,121.489300254,25.1436546718,25.13,46.39,7.29,112
四季青磺溫泉大樓,685,685,華廈,無,121.510355482,25.1373123441,2.08,10.6,0.9,112
興盛【雲天】高樓兩房坡平車位,2588,2588,大樓,私有,121.503109384,25.1350102241,6.4,16.04,2.63,112
鄉林玉川總裁養生宅,5980,5980,大樓,私有,121.51238071,25.1358420612,72.12,40.76,7.36,112
極上之湯 新北投溫泉屋(車),1180,1180,大樓,私有,121.503604746,25.1358681966,1.69,8.11,1.15,112
復興公園靜巷庭院透天,4800,4800,透天,無,121.503541315,25.1417669651,102.55,22.08,7.56,112
北士科電梯美屋,3280,3280,華廈,無,121.513945909,25.10860058,5.61,36.51,1.65,112
新北投靜巷壹樓,1850,1850,公寓,無,121.49925371,25.1425843475,11.7,18.56,2.5,112
A73都更宅-承德路七段好寓,5880,5880,公寓,無,121.528726022988,25.133563341883,10.51,31.58,0,112
北投文化方正透天,2630,2630,透天,無,121.494187338,25.1469031823,21.52,24.29,0,112
全新尚和淳3房車,2980,2980,大樓,私有,121.520433,25.110092,6.02,18.72,1.87,112
薇閣日式禪風庭院,8588,8588,別墅,私有,121.506626048,25.143352023,96.8,30.98,0,112
*忠義站店面,2480,2480,公寓,無,121.471173618,25.129781249,7.58,22.08,3.35,112
薇閣大庭院獨棟別墅,9800,9800,別墅,私有,121.496144062,25.1434274631,62.92,46.36,0,112
北投秀山段保護區土地,1996,1996,土地,無,121.487665,25.151153,1664.05,,,112
好便宜無障礙一樓三房退休宅,1750,1750,公寓,無,121.495309724,25.1463935284,12.04,28.83,3.92,112
奇岩三房將軍戶綠景宅,1950,1950,公寓,無,121.507868061,25.1246484451,10.01,31.41,2.32,112
石牌大土地邊間四樓,1575,1575,公寓,無,121.507476956,25.1155696714,12.63,23.9,3.14,112
復興公園低總價公寓,1188,1188,公寓,無,121.503120152,25.141226538,8.57,21.51,0,112
行情價捷運綠景電梯3房車位,2760,2760,華廈,私有,121.486971068,25.1412408546,9.19,26.08,4.74,112
北投市區正路邊農地,3600,3600,土地,無,121.502957,25.132074,596.12,,,112
新民路美寓鼎佳,1488,1488,公寓,無,121.512861659,25.1411820464,8.37,25.2,3.84,112
B272捷運薇閣獨戶3房+車,3880,3880,華廈,私有,121.497651863,25.1353468983,15.56,35.15,15.05,112
富域景觀四房車,6988,6988,大樓,私有,121.501708563,25.1308294371,6.02,40.68,4.19,112
天母石牌置產美廈,980,980,華廈,無,121.52396514,25.1234535801,3.12,9.74,0,112
北投宏普別墅傳奇,1750,1750,華廈,私有,121.503637579,25.1427492972,13.72,19.77,3.84,112
明德邊間公寓二樓,2588,2588,公寓,無,121.519810842,25.1109911019,10.2,35.43,4.44,112
新北投站金雞母五套房,2230,2230,大樓,無,121.50475725,25.1356235275,7.09,38.74,9.71,112
溫泉套房,1500,1500,華廈,私有,121.512096113,25.1406014423,5.39,11.18,2.4,112
天母榮總商圈收租美妝,828,828,華廈,無,121.524623147,25.1217379168,2.79,6.51,0.92,112
薇閣溫泉小套房,899,899,華廈,無,121.506825947,25.1403708192,4.12,7.92,1.23,112
石牌榮總美廈,3358,3358,華廈,私有,121.525568679,25.1248283605,8.33,32.99,6.01,112
北投溫泉路景觀美湯屋,698,698,華廈,無,121.512071464,25.139976595,4.27,11.46,2.13,112
B328明德美裝電梯兩房,1800,1800,華廈,無,121.517481865,25.1111104377,2.49,6.07,1.4,112
B330北投知行愛家美寓,1198,1198,公寓,無,121.467537794,25.1222646168,5.04,18.6,2.87,112
超值海砂屋都更宅,1966,1966,公寓,無,121.500336661,25.1376805763,9.78,30.33,2.72,112
石牌捷運黃金三樓美寓,2538,2538,公寓,無,121.514471551,25.1101153875,10.28,32.14,3.54,112
A67新北投捷運電梯美2房,1380,1380,大樓,私有,121.512096113,25.1406014423,4.53,9.59,2.23,112
B254北投捷運富域高樓雙平車,5658,5658,大樓,私有,121.501574065,25.130807792,4.64,30.88,3.71,112
開璽和碧捷運旁雙車位,4988,4988,大樓,私有,121.506628146,25.120436239,7.11,26.11,7.77,112
北投邊間湯屋大坡車,1850,1850,大樓,私有,121.50779985,25.1363348883,3.3,11.41,2.42,112
B209北投奇岩電梯樓中樓,3588,3588,大樓,無,121.508579,25.125153,11.15,34,7.65,112
B306北科近捷運大坪數美寓,1488,1488,公寓,無,121.500541924,25.1220940501,10.41,31.72,4.06,112
新北投捷運套房,510,510,華廈,無,121.502651586,25.1382572241,1.39,6.97,0.75,112
璞園袖里春露台戶，2+1房有車,5580,5580,大樓,私有,121.524046534,25.1128930322,6.79,26.33,2.97,112
威靈頓景觀庭院豪邸,13680,13680,別墅,無,121.513595061,25.1273516315,225.54,73.47,7.93,112
陽明峰匯二房景觀戶,2580,2580,大樓,無,121.469191252,25.1267536599,7.48,17.93,2.91,112
金龍尊邸高樓景觀三房雙車,6280,6280,大樓,私有,121.507562297,25.1163892988,13.43,33.18,6.32,112
復興高中新廈美套房,1250,1250,華廈,可租,121.499846,25.142555,6.22,9.38,1.05,112
泉之鄉二房景觀,534,534,華廈,無,121.512071464,25.139976595,3.46,9.65,1.51,112
四季青磺景觀套房,520,520,華廈,無,121.510313151,25.1372664647,1.58,7.58,1.58,112
B279北投出租首選電梯套房,632,632,華廈,無,121.502651586,25.1382572241,1.87,8.42,1.69,112
*天母國小電梯四房,1498,1498,華廈,無,121.528862104,25.1306128827,7.18,35.03,0,112
皇家臻邸電梯三房,1950,1950,華廈,無,121.528869828,25.1297450355,7.98,29.81,2.61,112
陽光小瑞士坡平車位3+1房,2988,2988,公寓,私有,121.508637514,25.1267744352,17.7,44.53,7.94,112
北投靜巷雅居 享受天然溫泉,1330,1330,公寓,無,121.513298182,25.1406550236,9.98,23.98,4.33,112
忠義捷運低總三房,1498,1498,公寓,無,121.475779145,25.1340226407,9.22,30.04,3.35,112
北市低總價溫泉三樓美寓,1330,1330,公寓,無,121.513298182,25.1406550236,9.98,28.31,0,112
北士科旁廠辦,6683,6683,華廈,其他,121.500412325,25.1221625696,23.22,101.46,9.58,112
石牌B1事務商場,8800,8800,華廈,無,121.510219413,25.1139010629,49.96,253.53,0,112
石牌捷運一樓大前院好停車,1888,1888,華廈,無,121.512196322,25.1116278799,5.51,12.93,1.77,112
B223近北投捷運電梯三房車,3200,3200,大樓,私有,121.49838104,25.1354343921,3.78,21.26,3.35,112
專任北士科景觀三房車位,4880,4880,大樓,私有,121.517764809,25.103380102,14.38,29.24,5.09,112
B227石牌捷運愛登堡四房車,6888,6888,大樓,私有,121.514306679,25.1168127524,13.62,35.51,4.92,112
振興榮總透天店面,5500,5500,大樓,私有,121.522658061,25.1188785301,13.41,27.64,7.65,112
石牌自強市場店面,4500,4500,公寓,無,121.516927659,25.1116144394,8.92,15.92,18.27,112
天母頂樓露台寵物宅兩房,2999,2999,華廈,無,121.523430063,25.1228858422,7.6,16.79,1.71,112
昭揚天際鋼骨景觀高樓戶,7980,7980,大樓,私有,121.508900532,25.1131825843,9.62,44.07,7.66,112
欣聯奇岩涵氧森活二房,2798,2798,大樓,私有,121.502957,25.132074,4.41,13.61,1.19,112
基泰明德四房車(可一次買2戶),6780,6780,大樓,私有,121.519658885,25.1126336144,10.56,35.44,10.24,112
B205新北投中和街國泰透天,2980,2980,透天,無,121.496893442,25.1443179308,30.55,29.04,0,112
近捷全新原禾御店面,3480,3480,華廈,可購,121.501679942,25.1306549841,4.91,9.56,3.06,112
威靈頓公爵寓邸,13800,13800,別墅,私有,121.513595061,25.1273516315,225.54,68.73,12.67,112
明德捷運店辦,5000,5000,公寓,無,121.519006849,25.1111652398,13.01,26.66,11.28,112
B313致遠美妝透天可停車,4200,4200,透天,無,121.510784887,25.1211088006,22.14,23.2,0,112
陽明山開心農場,998,998,土地,無,121.502957,25.132074,1242.99,,,112
北投泉源綠意裝潢美寓,1158,1158,公寓,無,121.507287323,25.1403099221,5.82,20.66,2.73,112
低總價景觀美宅,1158,1158,公寓,無,121.507287323,25.1403099221,5.82,20.66,2.73,112
近士北科土地,1100,1100,土地,無,121.502957,25.132074,156.58,,,112
石牌振興陽光樓,1050,1050,華廈,無,121.521494698,25.1151467552,2.34,17.6,0,112
七百坪農林地,3660,3660,土地,無,121.55029,25.15601,731.95,,,112
肆仟坪平坦土地,8839,8839,土地,無,121.56675,25.18305,4017.88,,,112
玖佰坪稀有土地,2024,2024,土地,無,121.502957,25.132074,920.07,,,112
千坪臨路土地,10248,10248,土地,無,121.55029,25.15601,3202.48,,,112
A69北投關渡國中双層金店面,2860,2860,華廈,無,121.467493129,25.1202939399,11.91,12.21,32.92,112
P015甲桂林山莊溫馨三房,1900,1900,華廈,無,121.530134089,25.1278025448,6.93,27.03,3.83,112
文化國小公寓2樓,1588,1588,公寓,無,121.495424796,25.1364516499,6.6,25.97,3.39,112
北投文化國小電梯將軍大戶,2600,2600,華廈,無,121.498061893,25.1384026118,15.85,32.19,3.45,112
中和街景觀收租美寓,1480,1480,公寓,無,121.495498765,25.1440213478,8.62,25.32,1.04,112
豐盛學,3150,3150,大樓,私有,121.499959386229,25.1346041333251,2.47,19.94,3.09,112
(100)台北市低總價公寓,1158,1158,公寓,無,121.507287323,25.1403099221,5.82,20.66,2.73,112
K063新北投站美寓,1158,1158,公寓,無,121.5067015,25.1407763,5.82,20.66,2.73,112
泉源路二房公寓,1158,1158,公寓,無,121.507287323,25.1403099221,5.82,20.66,2.73,112
A06新北投捷運2房,1158,1158,公寓,無,121.507287323,25.1403099221,5.82,20.66,2.73,112
新北投捷運採光低總2房,1158,1158,公寓,無,121.507287323,25.1403099221,5.82,20.66,2.73,112
專賣廣陽四房車庫透天,3998,3998,透天,無,121.498173711,25.144303272,39.02,40.87,33.56,112
新北投捷運2房景觀美宅,1158,1158,公寓,無,121.507287323,25.1403099221,5.82,20.66,2.73,112
北投湯自慢花妍小貴族,1314,1314,華廈,私有,121.507444806,25.1332338914,11.86,9.06,1.61,112
新北投2房美寓,1158,1158,公寓,無,121.507287323,25.1403099221,5.82,20.66,2.73,112
B305北投力麒太和車位釋出,360,360,大樓,私有,121.518519551,25.1065250465,0.4,,0,112
P025榮總石牌小璽電梯房車,1650,1650,華廈,私有,121.523165215,25.1219406291,3.64,7.86,7.45,112
天母2房雙車新廈,2580,2580,華廈,私有,121.529835,25.128064,17.33,19.92,4.81,112
奇岩稀有景觀透天厝,3880,3880,透天,私有,121.506655615,25.1317983611,58.09,56.16,11.98,112
$家樂福靜巷2房一樓,888,888,透天,無,121.499347843,25.1429933205,11.04,14.67,,112
B266明德捷運1樓大空間,4888,4888,華廈,私有,121.524728301,25.1124865464,21.69,20.47,19.48,112
北投邊間三房美寓,1880,1880,公寓,無,121.498551604,25.1295856779,8.67,24.85,4.16,112
P009新北投捷運電梯二房,1198,1198,大樓,無,121.504413378,25.1359405313,1.68,16.57,0,112
B251復興崗站康莊四房車位,4180,4180,大樓,抽籤,121.489201342,25.1396906893,16.6,36.46,3.57,112
B278北投捷運電梯三房車位,3688,3688,華廈,私有,121.507584,25.124785,12.74,28.13,4.96,112
北歐高樓中樓景觀$,4990,4990,大樓,私有,121.46738896,25.1205020089,15.34,41.82,7.05,112
榮華精妝面公園一樓,3800,3800,華廈,無,121.52458113,25.1120105799,6.38,23.63,27.57,112
B331磺溪庭院大一樓好停車,3880,3880,公寓,無,121.523923009,25.119261936,14.9,32.77,2.5,112
奇岩捷運增值透天,8800,8800,透天,無,121.501215846,25.1263861132,22.08,40.24,0,112
尚禾淳邊間三房附車位,2988,2988,大樓,私有,121.505154089,25.129582164,6.03,18.72,1.87,112
中和街好停車靜巷一樓,1780,1780,公寓,無,121.493946908,25.1472275355,10.67,31.93,0,112
天母櫻花五房雙車位,5800,5800,華廈,私有,121.529000056,25.1327175588,42.03,56.68,10.84,112
文化學區收租首選,1650,1650,公寓,無,121.495424796,25.1364516499,6.6,25.97,3.39,112
110正知行路黃金店面,2380,2380,公寓,無,121.466468295,25.1190801267,13.95,20.45,22.4,112
靜巷1樓好停車,1780,1780,公寓,無,121.493946908,25.1472275355,10.67,28.24,3.7,112
杏林低總價透天,1580,1580,透天,無,121.496655995,25.1416246768,18.76,31.38,0,112
新北投吉星精品即可入住,758,758,華廈,無,121.50475725,25.1356235275,1.41,8.42,1.59,112
珠海路採光地下室,880,880,華廈,無,121.506163919,25.1420248349,7.79,29.16,0,112
士北科商辦雙車位,5980,5980,大樓,私有,121.49913033,25.1250410496,19.24,50.01,0,112
北投泉源段土地,557,557,土地,無,121.523046313102,25.1503255932929,556.89,,,112
捷運石牌站大鼎家,2298,2298,公寓,無,121.513506182,25.1128245231,10.28,29.58,1.93,112
北投美妝陽光壹樓,3680,3680,公寓,私有,121.504210865,25.1428789156,27.71,17.89,23.41,112
靜巷溫泉美宅,958,958,公寓,無,121.507631441,25.1404177658,8.24,23.31,0,112
稀有!北投溫泉透天別墅,3288,3288,別墅,私有,121.515676086,25.1361572307,37.51,31.21,14.21,112
B290北投溫泉美裝透天別墅,3288,3288,別墅,私有,121.515676086,25.1361572307,37.51,31.21,14.21,112
B292關渡捷運日出印象A5,3598,3598,大樓,私有,121.46718091417,25.1250358194958,7.34,24.29,5.24,112
捷運溫泉清幽居(可停2輛車),3288,3288,透天,私有,121.515676086,25.1361572307,37.51,31.21,14.21,112
北投農地專約好案,2500,2500,土地,無,121.502957,25.132074,123.92,,,112
天母原墅水晶晶庭院,4588,4588,華廈,私有,121.52962709,25.1292429991,27.9,35.06,3.72,112
威靈頓花園別墅,5113,5113,別墅,私有,121.516007184,25.1288663992,130.87,62.99,7.38,112
*明德捷運黃金三樓,2680,2680,公寓,無,121.520552637,25.1064956963,13.76,33.59,3.4,112
奇岩重劃區旁美寓,2920,2920,公寓,無,121.502980578,25.1286524057,13.75,47.79,14.7,112
天母國小邊間美屋,1498,1498,公寓,可租,121.529328787,25.1308139218,10.52,27.89,2.23,112
新北投挑高綠意別墅,4980,4980,別墅,私有,121.502584038,25.1452361563,86.52,101.56,60.53,112
新北投溫泉大戶頂加,1680,1680,公寓,無,121.502515724,25.1339046828,22.07,37.88,0,112
天母世群頂樓大戶B,3950,3950,華廈,其他,121.523931176,25.1198786905,13.38,40.37,6.61,112
北投新民路靜巷質感宅,1260,1260,華廈,無,121.512096113,25.1406014423,4.42,9.39,2.31,112
北投鄉林玉川溫泉渡假宅Ⅰ,5868,5868,其他,私有,121.512710145,25.1362869868,104.13,40.37,6.78,112
奇岩稀有低公設電梯,3480,3480,華廈,無,121.507287901,25.1246516273,15.81,37.7,4.54,112
北投捷運採光2房,1438,1438,公寓,無,121.498327764,25.1348368705,7.75,17.34,2.15,112
石牌榮總邊間三樓,2188,2188,公寓,無,121.522516275,25.1234524063,9.8,28.97,5.15,112
*捷運方正三樓美寓$,2558,2558,公寓,無,121.509120882,25.1189927794,9.4,30.32,3.98,112
近關渡捷運站/北投-住3住宅用,350,350,土地,無,121.502957,25.132074,7.84,,,112
B62水美鳥語花香湯屋,650,650,大樓,無,121.513123017,25.1373152154,1.86,5.51,1.78,112
士北科面寬雙店面,4980,4980,公寓,無,121.517729404,25.1076156846,12.55,33.15,0,112
石牌透天店面,4700,4700,透天,無,121.505721688,25.1212345547,22.29,30.83,0,112
捷運宅配有兩衛浴管理大樓,780,780,大樓,無,121.511700911,25.1385751394,3.5,11,2.72,112
榮總特區雙車三房樓中樓,4660,4660,華廈,私有,121.52333403,25.1225417818,12.23,23.79,4.45,112
雲天超棒山景機能超強,1098,1098,大樓,無,121.502946728,25.134890207,2.78,6.66,1.74,112
吉利石牌學區1樓好停車,3480,3480,公寓,無,121.510992874,25.1178331647,11.37,31.85,2.99,112
北投知名觀光景點面寬金店面,2280,2280,大樓,無,121.510409211,25.1373990998,5.09,22.3,0,112
捷運薇閣御泉山景2R美湯,1988,1988,大樓,無,121.503354476,25.1377708621,2.94,12.12,3.85,112
專任達永豐盛學A17,3080,3080,大樓,私有,121.499876457,25.1346622529,,16.94,3.09,112
B216石牌捷運車位一樓,4550,4550,公寓,私有,121.514945811,25.1176459245,13.6,20.07,19.85,112
B262稀有公園大院3房含車,3188,3188,大樓,私有,121.50118935,25.1394638366,3.22,19.75,2.58,112
明德石牌捷運金店面.知名連鎖店.財源滾滾,5998,5998,公寓,無,121.514691346,25.1103766032,11.33,26.35,34.81,112
石牌都更屋,3980,3980,公寓,無,121.513797151,25.1136132613,9.95,28.67,5.05,112
近明德站電梯三房好停車,2998,2998,華廈,無,121.523956145,25.1120145888,9.15,25.33,8.02,112
408.北投藝大旁住宅用地+道,4522,4522,土地,無,121.502957,25.132074,148.98,,,112
北投捷運邊間透天,4280,4280,透天,無,121.501952817,25.1297774886,38.72,48.76,0,112
溫泉景觀度假小屋,740,740,其他,無,121.512071464,25.139976595,4.27,11.46,2.13,112
P013捷運石牌國小旁金店面,3680,3680,公寓,無,121.512389625,25.1168367397,10.44,28.04,0,112
富域景觀三房車,5785,5785,大樓,私有,121.501661921,25.1308219304,4.37,28.51,4.05,112
石牌大地坪透天,9680,9680,透天,私有,121.509987202,25.1141756945,56.26,45.65,0,112
稀有邊間天母碧麗香,2350,2350,華廈,無,121.529477134,25.1289903869,11.17,48.74,8.37,112
北投捷運站角窗店面,4980,4980,大樓,私有,121.496241951,25.1351550263,15.3,9.07,90.5,112
石牌國中邊間一樓,2180,2180,公寓,無,121.509102278,25.1148396821,10.02,18.06,0,112
陽明山超開心農地,13667,13667,土地,無,121.537044800952,25.1701020752301,13667.57,,,112
北投泉源實小景觀農地,4800,4800,土地,無,121.502957,25.132074,853.44,,,112
榮總特區靜巷四房$,3458,3458,華廈,無,121.525622629,25.1246853981,9.54,37.69,5.91,112
低總價邊間機能透天,2180,2180,透天,無,121.4960479,25.1461187,20.57,23.1,6.23,112
北投家樂福2房新屋多戶可選,1880,1880,華廈,無,121.498335,25.142258,7.87,15.81,1.58,112
北投家樂福2房新屋多戶可選B,1780,1780,華廈,無,121.498335,25.142258,7.44,14.84,1.62,112
擁抱山河低總2房,1380,1380,華廈,私有,121.512096113,25.1406014423,4.53,9.59,2.23,112
雙車位優美靜謐別墅,6700,6700,別墅,私有,121.503925077,25.1485561238,110.01,79.51,8.24,112
奇岩精美電梯小資宅,750,750,華廈,無,121.507362222,25.12552091,2.46,3.74,2.03,112
石牌商圈二樓美寓,2480,2480,公寓,無,121.518370921,25.1164295272,8.08,32.7,2.12,112
新北投捷運美宅,1298,1298,華廈,無,121.504342705,25.1354753986,3.56,11.65,1.33,112
B229北投精美公寓一樓,1450,1450,公寓,無,121.492754286,25.1448949396,7.78,18.57,1.63,112
北士科收租屋,3650,3650,華廈,無,121.511131786,25.1111945867,7.8,38.38,5.05,112
新北投公園溫馨美湯屋,1298,1298,華廈,無,121.504342705,25.1354753986,3.56,11.65,1.33,112
北市科收租金雞母,3650,3650,華廈,無,121.511131786,25.1111945867,7.8,36.75,7.85,112
士北科洲美山景電梯亮麗四房,4580,4580,大樓,私有,121.504693081,25.100552835,14.51,29.19,5.08,112
新北投低總價電梯首選,858,858,華廈,無,121.50675421,25.1395525908,4.51,9.15,1.06,112
石牌捷運二房一樓,1768,1768,公寓,無,121.511510994,25.1177226498,6.99,13.66,1.36,112
B68阿曼之旅景觀兩房車位,1738,1738,大樓,私有,121.488597614,25.1419237136,5.7,14.68,2.51,112
P026明德捷運挑高精裝美宅,2888,2888,華廈,無,121.517059809,25.1102294334,6.21,11.63,3.15,112
捷運邊間3房車位,3980,3980,大樓,私有,121.498845918,25.1298603251,5.93,20.46,4.59,112
A59奇岩捷運收租金店面,3200,3200,大樓,私有,121.502284823,25.126578121,0,18.18,0.77,112
常殷一域好棒棒,3850,3850,華廈,私有,121.513945433,25.1068248339,7.36,14.95,1.5,112
水美學3房加平面車位,3980,3980,大樓,私有,121.498845918,25.1298603251,5.93,20.46,4.59,112
百萬裝潢電梯美廈,898,898,大樓,無,121.511700911,25.1385751394,3.43,11,2.99,112
湯布院美套房,1100,1100,華廈,私有,121.510536197,25.1402571672,1.46,3.96,0.74,112
天母別府三房車,2180,2180,華廈,私有,121.528900491,25.1297427051,7.98,29.81,2.61,112
FZ3文化公園景觀美鼎佳不二價,1280,1280,公寓,無,121.496027723,25.1364554535,4.99,24.44,1.71,112
天母麗景美廈,2620,2620,華廈,抽籤,121.529270653,25.129423583,10.46,34.34,8,112
北歐露台大戶三車位$,6800,6800,大樓,私有,121.468402762,25.120537219,19.7,54.81,10.22,112
B318士北科美寓配坡平車位,2688,2688,公寓,私有,121.512389175,25.110675536,12.88,30.13,3.36,112
春揚薇格兩房,1198,1198,華廈,無,121.504286032,25.1420561024,6.54,11.02,4.41,112
奇岩捷運北美市大廈,3580,3580,大樓,私有,121.50013703,25.1255203335,7.28,25.82,3.01,112
豪景四房雙車位,5800,5800,大樓,私有,121.502317669,25.1204263414,17.98,52.38,9.52,112
石牌國中花園車庫一樓,6600,6600,公寓,無,121.514814,25.113682,15.65,34.2,5.79,112
北投市場收租金店,6980,6980,公寓,無,121.501771688,25.1313000503,9.53,31.93,0,112
B13士北科景觀朗闊雙平車,6988,6988,大樓,私有,121.511570248,25.1108840079,9.74,37.19,6.5,112
奇岩站商圈金店面,3480,3480,華廈,私有,121.501730576,25.1258036549,5.98,19.26,1.34,112
*石牌方正住辦一樓,2780,2780,公寓,無,121.511922528,25.111030855,14.82,24.55,2.03,112
天母香草花園別墅,19800,19800,別墅,私有,121.529442216,25.1295168349,127.91,86.31,16.25,112
石牌國中美裝庭院一樓,2450,2450,華廈,私有,121.513668155,25.1139870208,2.95,8.75,0,112
捷運公園高樓景觀戶,12800,12800,華廈,私有,121.523242413,25.1116264486,25.9,65.62,8.66,112
石牌捷運四房車位,5380,5380,華廈,私有,121.511127023,25.114721139,15.03,34.94,5.32,112
北投威靈頓山莊大別墅,25000,25000,別墅,私有,121.513140622,25.1307937469,459.57,82.87,7.81,112
確定都更承德路北投寓,5880,5880,公寓,無,121.507605369,25.1143609289,10.51,31.58,0,112
稀有低公設庭院電梯3房新屋,3077,3077,華廈,無,121.498731,25.142242,11.15,24.66,,112
北投捷運-金雞母商三透天,5700,5700,其他,無,121.500544274,25.1324224958,19.06,16.34,0,112
A42北投家樂福新屋多戶可選C,1110,1110,華廈,無,121.498335,25.142258,4.59,9.23,0.92,112
威靈頓豪景清水模別墅,12800,12800,別墅,無,121.512540227,25.1319971786,254.67,131.92,11.56,112
樹山丘三房露台車位,3249,3249,華廈,私有,121.48772493,25.1420566094,19.21,21.26,1.54,112
關渡捷運站土地,13127,13127,土地,無,121.46675,25.12567,119.46,,0,112
大馬路旁穩定收租店面,2980,2980,公寓,無,121.495702989,25.136606156,5.24,24.44,1.71,112
捷運出口旁北方之星,2550,2550,大樓,無,121.4672638,25.1251237,5.21,17.45,1.88,112
唭哩岸捷運店面,5800,5800,華廈,私有,121.505812097,25.120642362,10.37,22.65,4.26,112
北士科&宏普陽明大露台三房+坡平車位,4388,4388,大樓,私有,121.5136966,25.1067107,8.08,19.23,1.55,112
專任~石牌捷運庭院一樓,2980,2980,公寓,無,121.512527304,25.1117189576,7.23,26.39,4.78,112
捷運靜巷管理邊間美屋,2750,2750,公寓,抽籤,121.464228288,25.1180290532,11.86,27.76,2.85,112
B145北科大土地鼎加車位,2980,2980,公寓,其他,121.51925169,25.1057934112,23.9,35.61,0,112
豪華透天精美店面,4930,4930,透天,私有,121.500669286,25.130673737,9.22,25.52,2.98,112
B211北士科明德捷運透天,6900,6900,透天,私有,121.519902649,25.1068031761,36,47.66,4.36,112
B256明德敦品電梯三房,5445,5445,大樓,公有,121.519293304,25.1042757749,13.32,30.56,4.41,112
石牌捷運庭院大車庫,3480,3480,華廈,私有,121.512383978,25.1179391414,9.43,12.15,1.48,112
北投捷運站低總透天,1780,1780,透天,無,121.498404688,25.1340832757,13.92,12.54,0,112
昭揚天際關渡平原景觀宅,6388,6388,大樓,私有,121.508927838,25.1131566286,7.5,35.06,5.45,112
威靈頓觀音山豪景別墅山莊,11800,11800,別墅,私有,121.513694466,25.1269455992,127.44,65.16,7.26,112
北投捷運站前機械停車位,80,80,其他,私有,121.497335435,25.1323255199,0.21,0.5,0,112
北投捷運站前停車位,98,98,其他,私有,121.497335435,25.1323255199,0.21,0.5,0,112
北投捷運站前停車位No.1,80,80,其他,私有,121.497335435,25.1323255199,0.21,0.5,0,112
北投捷運站前停車位No.5,80,80,其他,私有,121.497335435,25.1323255199,0.21,0.5,0,112
北投捷運站前停車位No.3,80,80,其他,私有,121.497335435,25.1323255199,0.21,0.5,0,112
士北科珍稀土地,958,958,土地,無,121.501158,25.102227,38.96,,,112
新北投綠意宅,780,780,華廈,無,121.507570298,25.1359543762,2.14,8.65,0.94,112
新北投景觀3房,1388,1388,公寓,無,121.509593266,25.1365841159,6.66,19.79,3.37,112
B224櫻花邊間裝潢三房坡車,3288,3288,華廈,其他,121.529843816,25.1305341056,10.64,36.67,9.11,112
B295皇家御泉優質三房電梯宅,3680,3680,華廈,私有,121.511123907,25.1404938408,16.86,35.39,5.78,112
新逸晴光電梯四房車,2950,2950,華廈,私有,121.530130544,25.1304843804,10.87,41.42,6.97,112
捷運全新裝潢電梯華廈,1780,1780,華廈,可租,121.507485841,25.1401200673,7.86,23.74,2.98,112
奇岩三房邊間採光綠景宅,1950,1950,公寓,無,121.508653,25.125062,9.8,26.45,4.73,112
新北投靜巷黃金二樓,1480,1480,公寓,無,121.499108046,25.14260285,8.85,23.2,3.72,112
天母聽濤園邊間三房美裝潢大戶,3288,3288,華廈,私有,121.529843816,25.1305341056,10.64,36.67,9.11,112
珠海特區精緻小別墅,3300,3300,公寓,私有,121.504578906,25.1436633216,22.57,32.69,8.75,112
崗山路商業用大空間,3188,3188,華廈,無,121.486407316,25.1400298614,81.17,152.96,0,112
秀山段土地,1550,1550,土地,無,121.49087,25.14242,52.03,,0,112
B299石牌學區邊間三房車,2688,2688,華廈,私有,121.529739659,25.1279012965,16.84,19.55,3.97,112
北投鄉林玉川溫泉渡假宅Ⅱ,5868,5868,其他,私有,121.512710145,25.1362869868,104.13,40.37,6.78,112
雙捷運機能美宅,1480,1480,公寓,無,121.468894294,25.1290215252,9.43,24.38,0,112
E12 甲桂林明亮3房,2180,2180,華廈,無,121.530034691,25.1276349504,6.93,28.76,3.23,112
關渡平原景觀美廈,3480,3480,華廈,無,121.503688782,25.117748612,9.53,37.61,5.71,112
鄉林大境2房名邸,2980,2980,華廈,私有,121.529573127,25.1318308588,15.12,17.5,3.29,112
B307捷運面公園電梯三房車,3500,3500,華廈,私有,121.508054663,25.1201637101,12.6,38.43,4.12,112
天母天墅景觀宅,10800,10800,大樓,私有,121.523001935,25.1180859808,19.72,54.21,6.18,112
正北士科首購精選,3688,3688,華廈,私有,121.513945433,25.1068248339,7.36,14.95,1.5,112
奇岩路華廈4房1樓+車位,2700,2700,華廈,私有,121.508320308,25.1287632416,21.91,16.44,34.54,112
專任-北投稀有持分商一建地,930,930,土地,無,121.502957,25.132074,11.87,,,112
湯布院溫馨電梯美套,750,750,華廈,無,121.510485294,25.1402110375,1.65,4.24,1.09,112
輝達概念宅天母哲學之道高樓大戶,9580,9580,大樓,私有,121.52344323,25.121915758,20.44,58.52,7.09,112
北投中和街精美大三房,2280,2280,公寓,無,121.499002259,25.1431831834,10.86,25.97,5.17,112
近家樂福有庭院拉皮透天,3100,3100,透天,無,121.493448697,25.14665165,36.3,41.26,0,112
昇陽3+1房雙車位,5300,5300,華廈,私有,121.528231178,25.1249603831,16.52,35.29,4.87,112
樹山丘A區B6露台戶三房,2989,2989,公寓,私有,121.48772493,25.1420566094,20.01,20.66,3.1,112
樹山丘A區A8二房,2297,2297,公寓,私有,121.48772493,25.1420566094,14.86,14.76,2.89,112
石牌學區捷運美三房$,2780,2780,公寓,無,121.513373228,25.1120296391,9.89,29.17,4.16,112
P011捷運薇閣電梯四房坡車,4280,4280,華廈,私有,121.498499677,25.137267257,31.8,32.4,4.68,112
首購台北市2房車位-築尚,1888,1888,華廈,私有,121.467152437,25.1210502435,4.01,11.56,2.07,112
白宮山莊大土地別墅,6888,6888,透天,私有,121.502941856,25.1493405199,136.8,77.63,14.47,112
樹山丘綠意三房車,2989,2989,華廈,私有,121.48772493,25.1420566094,20.01,20.66,3.1,112
樹山丘露臺3房車B06,2989,2989,華廈,私有,121.48772493,25.1420566094,6.05,20.66,3.1,112
專任湯布院挑高一樓附車位,2400,2400,大樓,私有,121.510485294,25.1402110375,6.1,16.82,2.92,112
鄉林玉川豪景溫泉宅雙車,5980,5980,華廈,私有,121.51238071,25.1358420612,72.12,39.09,7.15,112
P018宏普新邑高樓精裝美宅,3800,3800,華廈,私有,121.504147,25.12912,6.53,20.75,4.63,112
B315同德社區一樓美寓,2880,2880,公寓,抽籤,121.527972186,25.1242104732,11.19,32.44,2.37,112
復興高中庭院別墅,4980,4980,別墅,私有,121.501189449,25.144309382,58.08,50.78,44.33,112
雲天美好拾光,850,850,大樓,無,121.502946728,25.134890207,2.27,6.29,0.54,112
B319虹橋低總景觀小宅,860,860,華廈,無,121.506674652,25.1399544542,2.79,12,1.46,112
復興公園低總價邊間三樓,998,998,公寓,無,121.503197792,25.1418646263,8.67,18.51,0,112
B300石牌捷運燙金置產小宅,1028,1028,華廈,無,121.514038055,25.1135957684,1.97,5.99,0,112
奇岩捷運站前高投報建地,1100,1100,土地,無,121.500435153021,25.126862676343,9.68,,,112
B255土地大商三黑土屋,5700,5700,透天,無,121.500544274,25.1324224958,19.06,16.34,0,112
窗映綠境·鉑玉靜謐,6388,6388,大樓,私有,121.522157296,25.1241121956,15.74,36.2,8.31,112
B280陽大捷運車庫透天,3980,3980,透天,無,121.510817382,25.1219827491,27.56,28.51,0,112
神隱村(5D)-溫泉養生宅,1877,1877,華廈,私有,121.51314,25.14063,13.75,11.18,1.48,112
神隱村(5C)-溫泉養生宅,1877,1877,華廈,私有,121.51314,25.14063,13.75,11.18,1.48,112
璞園心地居四房雙車,7766,7766,大樓,私有,121.518567559,25.1136740685,11.67,35.3,9.59,112
薇閣御之泉兩房湯屋,1600,1600,大樓,無,121.503354476,25.1377708621,2.14,7.69,3.68,112
B296石牌學區捷運置產小宅,1465,1465,華廈,無,121.514038055,25.1135957684,2.81,6.77,1.77,112
K509古京華廈美宅,1143,1143,其他,無,121.498335,25.142258,,9.23,0.92,112
B288北投好市多旁景觀別墅,8800,8800,別墅,無,121.463426068,25.1229134093,104.94,73.6,15.27,112
北投別墅,5500,5500,別墅,無,121.509695917,25.1357064248,93.35,65.55,0,112
北投全新裝潢一樓,1850,1850,公寓,無,121.49925371,25.1425843475,11.7,18.56,2.5,112
P001捷運國泰華威景觀2房車,2988,2988,大樓,私有,121.496585408,25.1346792013,2.76,14.63,2.35,112
石牌學區捷運屋況優3房,2600,2600,公寓,無,121.510303856,25.1153081437,9.38,31.38,0,112
榮華特區美宅配車,1288,1288,華廈,私有,121.524052724,25.1124441858,3.26,6.84,0.23,112
P002捷運國泰華威景觀3房車,5250,5250,大樓,私有,121.496601927,25.1347102569,5.06,27.19,5.17,112
國泰雍萃高樓3房車位,6880,6880,大樓,私有,121.518671,25.104677,8.99,29.73,1.77,112
B286北投薇閣特區車庫別墅,15000,15000,別墅,無,121.506836404,25.1465711034,124.19,74.9,0,112
樹山丘A區A6露台戶三房,3249,3249,公寓,私有,121.48772493,25.1420566094,19.21,21.26,1.54,112
樹山丘A區B1露台戶三房,3465,3465,公寓,私有,121.48772493,25.1420566094,19.73,21.17,2.25,112
樹山丘A區A11露台戶三房,3605,3605,公寓,私有,121.48772493,25.1420566094,19.93,21.26,2.4,112
樹山丘A區B9露台美裝二房,2499,2499,公寓,私有,121.48772493,25.1420566094,15.08,15.99,1.92,112
北士科土地持分大透天,6900,6900,透天,私有,121.519902649,25.1068031761,36,47.66,4.36,112
北士科&宏普陽明面公園邊間三房+車位,5388,5388,大樓,私有,121.513945433,25.1068248339,9.54,23.12,1.43,112
北士科&宏普陽明邊間大三房+車位,6388,6388,大樓,私有,121.513945433,25.1068248339,11.86,28.96,1.56,112
北士科一級全棟店面,13800,13800,透天,無,121.513221317,25.1143018314,36,36.83,2.95,112
基泰明德景觀電梯房,6980,6980,大樓,私有,121.519637329,25.1124980149,11.04,35.44,10.24,112
北士科景觀四室雙車,5888,5888,大樓,私有,121.501654014,25.1325680246,5.97,38.98,4.81,112
樹山丘兩房露台車II,2833,2833,華廈,私有,121.48805,25.142851,16.83,17.01,2.01,112
公園大院.景觀三房車,3188,3188,大樓,私有,121.50119927,25.1394594851,3.22,19.75,2.58,112
新北投捷運三角金店面,5800,5800,華廈,私有,121.499081133,25.1382694165,10.93,26.6,5.53,112
石牌捷運土地56.27優質透天,9680,9680,透天,無,121.509987202,25.1141756945,56.26,45.65,0,112
B311昇陽麗鉑邊間三房坡車,4500,4500,大樓,私有,121.525573226,25.1237806743,7.67,21.94,2.76,112
樹山丘捷運大露臺車B09,2499,2499,華廈,私有,121.48772493,25.1420566094,4.52,15.99,1.92,112
❤復興崗站歐洲花城都更寓,2700,2700,公寓,無,121.483310766,25.1374264915,8.36,24.69,2.54,112
B312昇陽麗鉑高樓三房坡車,4500,4500,大樓,私有,121.525573226,25.1237806743,7.58,21.45,2.98,112
樹山丘捷運2房車車B08,2452,2452,華廈,私有,121.48772493,25.1420566094,4.51,14.77,2.94,112
公園大院.景觀三房車,3188,3188,大樓,私有,121.50119927,25.1394594851,3.22,19.75,2.58,112
石牌捷運站都更透天厝,9680,9680,透天,無,121.509987202,25.1141756945,56.26,45.65,,112
畔溪壹品,12372,12372,大樓,私有,121.525066583,25.122197677,28.22,77.19,12.4,112
A01懷德面寬店辦,5580,5580,華廈,無,121.519993637,25.1144137562,12.4,30.61,4.26,112
樹山丘兩房露台車I,2499,2499,華廈,私有,121.48772493,25.1420566094,30.17,15.99,1.92,112
新北投都更屋,4800,4800,公寓,無,121.501783075,25.1378187932,8.32,35.9,0,112
北士科明德莊美邸,5698,5698,大樓,私有,121.5181804,25.1070167256,8.53,25.53,2.04,112
吉星兩房全新件,798,798,華廈,無,121.50475725,25.1356235275,1.41,8.42,1.59,112
日光溫泉社區一樓,1800,1800,公寓,無,121.506154444,25.141140011,9.78,26.62,4.48,112
獨賣雙語學區電梯景觀三房,1950,1950,華廈,無,121.497945864,25.1388887616,9.59,22.38,4.74,112
*甲桂林景觀三房$,2345,2345,華廈,無,121.530610161,25.1290897668,8.27,34.27,2.31,112
同德低總價大空間鼎加,1750,1750,公寓,無,121.527933718,25.124489029,9.71,26.05,4.69,112
B59泉源芬多精大土地別墅,9988,9988,別墅,無,121.515134716,25.1410489852,240.18,160.26,20.88,112
文化國小雅寓3房,1380,1380,公寓,無,121.496223181,25.1363717483,5.14,24.44,1.71,112
P024奇岩捷運景觀鼎加美寓,1788,1788,公寓,無,121.507431565,25.1287517929,10.74,34.05,0,112
復興崗捷運3房,1495,1495,公寓,無,121.489594273,25.1383555988,8.71,25.53,3.87,112
O30奇岩捷運電梯廠辦車位2樓,6880,6880,其他,私有,121.500412325,25.1221625696,23.22,101.46,9.58,112
O31奇岩捷運電梯廠辦車3樓,6880,6880,其他,私有,121.500412325,25.1221625696,23.22,101.46,9.58,112
北投泉源路透天休閒旅館,9600,9600,別墅,私有,121.515134716,25.1410489852,256.52,160.26,20.88,112
陽明山優美庭園樓中樓,4288,4288,公寓,無,121.547519041,25.152251093,90.1,37.15,20.44,112
捷運吉星收租小套,570,570,華廈,無,121.50475725,25.1356235275,1.06,5.7,1.22,112
甲桂林精裝兩房,1738,1738,華廈,無,121.530882847,25.1276880031,6.55,23.62,3.98,112
關渡水鳥公園邊間一樓,2180,2180,公寓,無,121.468725854,25.1187113456,9.9,24.34,7.29,112
泉隱村山景悠悠美宅+車位,1280,1280,華廈,私有,121.512096113,25.1406014423,5.05,10.56,2.25,112
捷運約3分鐘電梯有車位,2420,2420,華廈,私有,121.485599644,25.1391148835,10.82,23.41,4.51,112
近榮總抽籤車位邊間方正一樓,2880,2880,公寓,抽籤,121.527972186,25.1242104732,11.19,32.44,2.37,112
神隱村神仙部落,1877,1877,華廈,私有,121.513153066,25.1402749101,0,11.18,1.48,112
天母新城方正三房,3480,3480,華廈,無,121.52514939,25.1209825357,8.47,34.35,4.62,112
石牌雙學區3面採光鼎佳,2380,2380,公寓,無,121.507473539,25.118033992,10.44,30.79,0,112
預售-神隱村神仙部落溫泉養生宅,1877,1877,華廈,私有,121.502957,25.132074,,11.18,1.48,112
神隱村神仙部落溫泉養生宅5D,1877,1877,華廈,私有,121.502957,25.132074,,11.18,1.48,112
B317明德捷運優質美寓,2600,2600,公寓,無,121.518011331,25.1088242922,9.31,28.36,4.69,112
捷運可樂小美宅白磺湯屋,1080,1080,大樓,無,121.503895613,25.1362787288,1.55,7.8,1.77,112
石牌捷運優質學區收租套房,1028,1028,華廈,無,121.514038055,25.1135957684,1.97,5.99,0,112
稀有一F住. 辦. 店,5580,5580,華廈,無,121.519993637,25.1144137562,12.4,30.61,4.26,112
士北科兩房坡平車位,3480,3480,大樓,私有,121.514242522,25.1082856787,5.68,18.85,3.11,112
全陽愛登堡景觀3房車位,7280,7280,大樓,私有,121.514306679,25.1168127524,15.54,41.78,5.08,112
遠雄山晴山景大戶雙車位,8580,8580,華廈,私有,121.505381821,25.1257079157,14.7,40.76,6.74,112
石牌面寬大空間一樓,2980,2980,公寓,無,121.512782976,25.1109365496,8.77,25.83,4.02,112
榮華特區公園電梯3房,3780,3780,華廈,無,121.52437753,25.1118228563,7.89,34.78,6.25,112
近榮總天母新城電梯三房,4380,4380,華廈,無,121.525076563,25.1212188076,9.06,36.97,4.43,112
B322文林北路靜巷一樓公寓,2880,2880,公寓,無,121.519875267,25.1058953459,16.13,30.7,0,112
北士科亮麗美寓,3180,3180,公寓,無,121.516474949,25.1083454859,10.44,27.1,0,112
中和街品味一樓,1850,1850,公寓,無,121.49925371,25.1425843475,11.7,18.56,2.5,112
B321捷運稀有榮華大戶三房車,5880,5880,華廈,私有,121.521342372,25.1138705045,11.06,55.38,7.65,112
B69明德核心景觀坡平豪邸,10800,10800,華廈,私有,121.522424841,25.115297968,21.96,47.78,7.33,112
知行路透天店面,8000,8000,透天,無,121.467228965,25.1220524814,34.79,55.9,,112
國泰漂亮透天屋,3500,3500,透天,無,121.496851172,25.1440150974,32.37,30.07,0,112
P022新北投景觀好宅露台戶,4580,4580,大樓,私有,121.503349599,25.1359581188,4.76,26.28,1.62,112
奇岩重劃旁美三房,2988,2988,大樓,私有,121.505154089,25.129582164,6.03,18.72,1.87,112
B324奇岩尚禾淳可改三房配車,3080,3080,大樓,私有,121.505154089,25.129582164,6.03,18.72,1.87,112
輝達宅‧宏普陽明景觀3房車,4468,4468,大樓,私有,121.51384,25.106782,,19.23,1.55,112
捷運石牌優質學區收租套房,1465,1465,華廈,無,121.514038055,25.1135957684,2.81,6.77,1.77,112
北士科柏鴻君臨高樓露台戶,9398,9398,大樓,無,121.518906038,25.1039992723,13.07,42.46,8.64,112
北士科柏鴻君臨豪邸,9408,9408,大樓,無,121.519434982,25.1041120402,13.07,42.46,3.26,112
士北科捷運美透天,3888,3888,透天,無,121.508480178,25.1214298748,24.94,27.93,0,112
V51風彩明亮一樓,1850,1850,公寓,無,121.49925371,25.1425843475,11.7,18.56,2.5,112
B84士北科近捷運金店面,3580,3580,公寓,無,121.515183543,25.1098458416,11.6,25.41,0,112
陽金公路面寬一樓(二),4998,4998,華廈,無,121.547384257,25.1525077546,7.8,26.4,4.63,112
陽金公路面寬一樓(一),4998,4998,華廈,無,121.547352878,25.1524998718,9.22,31.21,7.14,112
新北投日式溫馨空間,960,960,華廈,無,121.504342705,25.1354753986,2.55,8.9,0,112
樹山丘綠海建築3房＋車位,3368,3368,華廈,私有,121.48772493,25.1420566094,21.44,21.93,3.53,112
北投散步泡湯雅典溫馨套房,498,498,華廈,無,121.510526129,25.1374671929,1.98,6.95,0.98,112
關渡平原持分農地(小),859,859,土地,無,121.49747,25.12202,63.64,,,112
稀有完整方正公設地,22100,22100,土地,無,121.49187,25.11796,2402.15,,,112
未來輝達為鄰稀有超值農地,2150,2150,土地,無,121.48786,25.12438,172.01,,,112
※薇閣※稀有高樓三房露台戶,2880,2880,大樓,私有,121.504093299,25.144530603,,31.59,15.63,112
北投景觀溫泉小屋,998,998,大樓,無,121.504501387,25.1362296013,1.47,11.13,1.21,112
正馬路邊!置產公設地!,2850,2850,土地,無,121.48493,25.12014,429.42,,,112
C52泉源路低總美寓,768,768,公寓,無,121.507287323,25.1403099221,5.82,20.66,2.73,112
專約-陽明山優美農地誠意出價談,838,838,土地,無,121.502957,25.132074,466.02,,0,112
北士科關渡平原農地,1688,1688,土地,無,121.49339,25.13456,143.99,,,112
北投國中精品三房富車位,2998,2998,華廈,私有,121.505871858,25.1341666683,8.98,22.19,7.31,112
關渡捷運面公園美寓,1280,1280,公寓,無,121.466249145,25.1192530117,10.14,28.01,4.07,112
北投安靜兩房養生溫泉公寓,1330,1330,公寓,無,121.513298182,25.1406550236,9.98,28.31,0,112
北投樹林路住二建地,5900,5900,土地,無,121.490521604,25.1427272347,149.74,,,112
北投三軍總院旁山景三房車位,2980,2980,華廈,私有,121.511211972,25.1403546139,11.27,26.97,5.55,112
獨家-陽明山適遊憩景觀臨路農地,2988,2988,土地,無,121.502957,25.132074,1696.84,,0,112
捷運溫泉都好近之北投二房,1158,1158,公寓,無,121.507287323,25.1403099221,5.82,20.66,2.73,112
關渡平原持分農地(大),3875,3875,土地,無,121.49871,25.12227,250.04,,0,112
石牌捷運低樓層美寓,2180,2180,公寓,無,121.510209973,25.1191495785,9.07,27.23,0,112
北投景觀裝潢屋,3088,3088,華廈,私有,121.511211972,25.1403546139,11.27,26.97,5.55,112
陽明山庭院壹樓,3500,3500,公寓,無,121.547553052,25.1523397132,79.02,37.69,2.91,112
近石牌國中套房穩定出租用,1028,1028,華廈,無,121.514038055,25.1135957684,1.42,5.99,0,112
